"kingdom","phylum","class","order","family","sub_family","genus","iucn_threat_status","common_name_description","Sampling.Point","value","Species"
"Animalia","Annelida","Clitellata","Arhynchobdellida","Erpobdellidae",NA,"Erpobdella",1,"leech, transverse eyes","x050724_att01_mzb1",3,"Erpobdella"
"Animalia","Annelida","Clitellata","Arhynchobdellida","Erpobdellidae",NA,"Erpobdella",1,"leech, transverse eyes","x050724_att01_mzb2",5,"Erpobdella"
"Animalia","Annelida","Clitellata","Arhynchobdellida","Erpobdellidae",NA,"Erpobdella",1,"leech, transverse eyes","x050724_att02_mzb3",2,"Erpobdella"
"Animalia","Annelida","Clitellata","Arhynchobdellida","Erpobdellidae",NA,"Erpobdella",1,"leech, transverse eyes","x050724_att02_mzb4",2,"Erpobdella"
"Animalia","Annelida","Clitellata","Arhynchobdellida","Erpobdellidae",NA,"Erpobdella",1,"leech, transverse eyes","x050724_att03_mzb5",1,"Erpobdella"
"Animalia","Annelida","Clitellata","Arhynchobdellida","Erpobdellidae",NA,"Erpobdella",1,"leech, transverse eyes","x050724_att03_mzb6",7,"Erpobdella"
"Animalia","Annelida","Clitellata","Arhynchobdellida","Erpobdellidae",NA,"Erpobdella",1,"leech, transverse eyes","x050724_att04_mzb7",1,"Erpobdella"
"Animalia","Annelida","Clitellata","Arhynchobdellida","Erpobdellidae",NA,"Erpobdella",1,"leech, transverse eyes","x050724_att04_mzb8",1,"Erpobdella"
"Animalia","Annelida","Clitellata","Arhynchobdellida","Erpobdellidae",NA,"Erpobdella",1,"leech, transverse eyes","x040724_att05_mzb4",2,"Erpobdella"
"Animalia","Annelida","Clitellata","Arhynchobdellida","Erpobdellidae",NA,"Erpobdella",1,"leech, transverse eyes","x040724_att06_mzb5",1,"Erpobdella"
"Animalia","Annelida","Clitellata","Arhynchobdellida","Erpobdellidae",NA,"Erpobdella",1,"leech, transverse eyes","x050724_att08_mzb9",6,"Erpobdella"
"Animalia","Annelida","Clitellata","Arhynchobdellida","Erpobdellidae",NA,"Erpobdella",1,"leech, transverse eyes","x050724_att08_mzb10",2,"Erpobdella"
"Animalia","Annelida","Clitellata","Arhynchobdellida","Erpobdellidae",NA,"Erpobdella",1,"leech, transverse eyes","x100724_att09_mzb9",3,"Erpobdella"
"Animalia","Annelida","Clitellata","Arhynchobdellida","Erpobdellidae",NA,"Erpobdella",1,"leech, transverse eyes","x100724_att09_mzb10",3,"Erpobdella"
"Animalia","Annelida","Clitellata","Arhynchobdellida","Erpobdellidae",NA,"Erpobdella",1,"leech, transverse eyes","x100724_att12_mzb3",1,"Erpobdella"
"Animalia","Annelida","Clitellata","Arhynchobdellida","Erpobdellidae",NA,"Erpobdella",1,"leech, transverse eyes","x100724_att12_mzb4",4,"Erpobdella"
"Animalia","Annelida","Clitellata","Arhynchobdellida","Erpobdellidae",NA,"Erpobdella",1,"leech, transverse eyes","x030724_att19_mzb3",2,"Erpobdella"
"Animalia","Annelida","Clitellata","Arhynchobdellida","Erpobdellidae",NA,"Erpobdella",1,"leech, transverse eyes","x030724_att19_mzb4",3,"Erpobdella"
"Animalia","Annelida","Clitellata","Arhynchobdellida","Erpobdellidae",NA,"Erpobdella",1,"leech, transverse eyes","x030724_att20_mzb5",2,"Erpobdella"
"Animalia","Annelida","Clitellata","Arhynchobdellida","Erpobdellidae",NA,"Erpobdella",1,"leech, transverse eyes","x010724_att21_mzb7",1,"Erpobdella"
"Animalia","Annelida","Clitellata","Arhynchobdellida","Erpobdellidae",NA,"Erpobdella",1,"leech, transverse eyes","x010724_att21_mzb8",1,"Erpobdella"
"Animalia","Annelida","Clitellata","Arhynchobdellida","Erpobdellidae",NA,"Erpobdella",1,"leech, transverse eyes","x010724_att22_mzb1",3,"Erpobdella"
"Animalia","Annelida","Clitellata","Arhynchobdellida","Erpobdellidae",NA,"Erpobdella",1,"leech, transverse eyes","x010724_att22_mzb2",6,"Erpobdella"
"Animalia","Annelida","Clitellata","Arhynchobdellida","Erpobdellidae",NA,"Erpobdella",1,"leech, transverse eyes","x010724_att23_mzb3",5,"Erpobdella"
"Animalia","Annelida","Clitellata","Arhynchobdellida","Erpobdellidae",NA,"Erpobdella",1,"leech, transverse eyes","x010724_att23_mzb4",4,"Erpobdella"
"Animalia","Annelida","Clitellata","Arhynchobdellida","Erpobdellidae",NA,"Erpobdella",1,"leech, transverse eyes","x010724_att24_mzb5",7,"Erpobdella"
"Animalia","Annelida","Clitellata","Arhynchobdellida","Erpobdellidae",NA,"Erpobdella",1,"leech, transverse eyes","x010724_att24_mzb6",2,"Erpobdella"
"Animalia","Annelida","Clitellata","Rhynchobdellida","Glossiphoniidae",NA,NA,1,"leech, longitudinal eyes (small, fat, white / yellow)","x050724_att01_mzb1",4,"Glossiphoniidae"
"Animalia","Annelida","Clitellata","Rhynchobdellida","Glossiphoniidae",NA,NA,1,"leech, longitudinal eyes (small, fat, white / yellow)","x050724_att01_mzb2",40,"Glossiphoniidae"
"Animalia","Annelida","Clitellata","Rhynchobdellida","Glossiphoniidae",NA,NA,1,"leech, longitudinal eyes (small, fat, white / yellow)","x050724_att02_mzb3",1,"Glossiphoniidae"
"Animalia","Annelida","Clitellata","Rhynchobdellida","Glossiphoniidae",NA,NA,1,"leech, longitudinal eyes (small, fat, white / yellow)","x050724_att03_mzb5",2,"Glossiphoniidae"
"Animalia","Annelida","Clitellata","Rhynchobdellida","Glossiphoniidae",NA,NA,1,"leech, longitudinal eyes (small, fat, white / yellow)","x050724_att03_mzb6",2,"Glossiphoniidae"
"Animalia","Annelida","Clitellata","Rhynchobdellida","Glossiphoniidae",NA,NA,1,"leech, longitudinal eyes (small, fat, white / yellow)","x050724_att04_mzb7",3,"Glossiphoniidae"
"Animalia","Annelida","Clitellata","Rhynchobdellida","Glossiphoniidae",NA,NA,1,"leech, longitudinal eyes (small, fat, white / yellow)","x050724_att04_mzb8",3,"Glossiphoniidae"
"Animalia","Annelida","Clitellata","Rhynchobdellida","Glossiphoniidae",NA,NA,1,"leech, longitudinal eyes (small, fat, white / yellow)","x040724_att05_mzb3",1,"Glossiphoniidae"
"Animalia","Annelida","Clitellata","Rhynchobdellida","Glossiphoniidae",NA,NA,1,"leech, longitudinal eyes (small, fat, white / yellow)","x040724_att05_mzb4",3,"Glossiphoniidae"
"Animalia","Annelida","Clitellata","Rhynchobdellida","Glossiphoniidae",NA,NA,1,"leech, longitudinal eyes (small, fat, white / yellow)","x040724_att06_mzb6",1,"Glossiphoniidae"
"Animalia","Annelida","Clitellata","Rhynchobdellida","Glossiphoniidae",NA,NA,1,"leech, longitudinal eyes (small, fat, white / yellow)","x040724_att07_mzb2",1,"Glossiphoniidae"
"Animalia","Annelida","Clitellata","Rhynchobdellida","Glossiphoniidae",NA,NA,1,"leech, longitudinal eyes (small, fat, white / yellow)","x050724_att08_mzb9",4,"Glossiphoniidae"
"Animalia","Annelida","Clitellata","Rhynchobdellida","Glossiphoniidae",NA,NA,1,"leech, longitudinal eyes (small, fat, white / yellow)","x050724_att08_mzb10",2,"Glossiphoniidae"
"Animalia","Annelida","Clitellata","Rhynchobdellida","Glossiphoniidae",NA,NA,1,"leech, longitudinal eyes (small, fat, white / yellow)","x100724_att09_mzb9",1,"Glossiphoniidae"
"Animalia","Annelida","Clitellata","Rhynchobdellida","Glossiphoniidae",NA,NA,1,"leech, longitudinal eyes (small, fat, white / yellow)","x100724_att09_mzb10",3,"Glossiphoniidae"
"Animalia","Annelida","Clitellata","Rhynchobdellida","Glossiphoniidae",NA,NA,1,"leech, longitudinal eyes (small, fat, white / yellow)","x100724_att10_mzb11",1,"Glossiphoniidae"
"Animalia","Annelida","Clitellata","Rhynchobdellida","Glossiphoniidae",NA,NA,1,"leech, longitudinal eyes (small, fat, white / yellow)","x100724_att10_mzb12",1,"Glossiphoniidae"
"Animalia","Annelida","Clitellata","Rhynchobdellida","Glossiphoniidae",NA,NA,1,"leech, longitudinal eyes (small, fat, white / yellow)","x100724_att12_mzb3",1,"Glossiphoniidae"
"Animalia","Annelida","Clitellata","Rhynchobdellida","Glossiphoniidae",NA,NA,1,"leech, longitudinal eyes (small, fat, white / yellow)","x100724_att13_mzb1",1,"Glossiphoniidae"
"Animalia","Annelida","Clitellata","Rhynchobdellida","Glossiphoniidae",NA,NA,1,"leech, longitudinal eyes (small, fat, white / yellow)","x100724_att14_mzb6",1,"Glossiphoniidae"
"Animalia","Annelida","Clitellata","Rhynchobdellida","Glossiphoniidae",NA,NA,1,"leech, longitudinal eyes (small, fat, white / yellow)","x020724_att16_mzb3",1,"Glossiphoniidae"
"Animalia","Annelida","Clitellata","Rhynchobdellida","Glossiphoniidae",NA,NA,1,"leech, longitudinal eyes (small, fat, white / yellow)","x020724_att17_mzb5",3,"Glossiphoniidae"
"Animalia","Annelida","Clitellata","Rhynchobdellida","Glossiphoniidae",NA,NA,1,"leech, longitudinal eyes (small, fat, white / yellow)","x030724_att18_mzb1",1,"Glossiphoniidae"
"Animalia","Annelida","Clitellata","Rhynchobdellida","Glossiphoniidae",NA,NA,1,"leech, longitudinal eyes (small, fat, white / yellow)","x030724_att18_mzb2",28,"Glossiphoniidae"
"Animalia","Annelida","Clitellata","Rhynchobdellida","Glossiphoniidae",NA,NA,1,"leech, longitudinal eyes (small, fat, white / yellow)","x030724_att19_mzb3",3,"Glossiphoniidae"
"Animalia","Annelida","Clitellata","Rhynchobdellida","Glossiphoniidae",NA,NA,1,"leech, longitudinal eyes (small, fat, white / yellow)","x030724_att19_mzb4",5,"Glossiphoniidae"
"Animalia","Annelida","Clitellata","Rhynchobdellida","Glossiphoniidae",NA,NA,1,"leech, longitudinal eyes (small, fat, white / yellow)","x030724_att20_mzb5",4,"Glossiphoniidae"
"Animalia","Annelida","Clitellata","Rhynchobdellida","Glossiphoniidae",NA,NA,1,"leech, longitudinal eyes (small, fat, white / yellow)","x030724_att20_mzb6",1,"Glossiphoniidae"
"Animalia","Annelida","Clitellata","Rhynchobdellida","Glossiphoniidae",NA,NA,1,"leech, longitudinal eyes (small, fat, white / yellow)","x010724_att21_mzb7",1,"Glossiphoniidae"
"Animalia","Annelida","Clitellata","Rhynchobdellida","Glossiphoniidae",NA,NA,1,"leech, longitudinal eyes (small, fat, white / yellow)","x010724_att22_mzb1",3,"Glossiphoniidae"
"Animalia","Annelida","Clitellata","Rhynchobdellida","Glossiphoniidae",NA,NA,1,"leech, longitudinal eyes (small, fat, white / yellow)","x010724_att22_mzb2",18,"Glossiphoniidae"
"Animalia","Annelida","Clitellata","Rhynchobdellida","Glossiphoniidae",NA,NA,1,"leech, longitudinal eyes (small, fat, white / yellow)","x010724_att23_mzb3",51,"Glossiphoniidae"
"Animalia","Annelida","Clitellata","Rhynchobdellida","Glossiphoniidae",NA,NA,1,"leech, longitudinal eyes (small, fat, white / yellow)","x010724_att23_mzb4",5,"Glossiphoniidae"
"Animalia","Annelida","Clitellata","Rhynchobdellida","Glossiphoniidae",NA,NA,1,"leech, longitudinal eyes (small, fat, white / yellow)","x010724_att24_mzb5",2,"Glossiphoniidae"
"Animalia","Annelida","Clitellata","Rhynchobdellida","Glossiphoniidae",NA,NA,1,"leech,longitudinal eyes (stripey with nodules)","x050724_att01_mzb2",2,"Glossiphoniidae"
"Animalia","Annelida","Clitellata","Rhynchobdellida","Glossiphoniidae",NA,NA,1,"leech,longitudinal eyes (stripey with nodules)","x050724_att02_mzb4",1,"Glossiphoniidae"
"Animalia","Annelida","Clitellata","Rhynchobdellida","Glossiphoniidae",NA,NA,1,"leech,longitudinal eyes (stripey with nodules)","x050724_att04_mzb8",4,"Glossiphoniidae"
"Animalia","Annelida","Clitellata","Rhynchobdellida","Glossiphoniidae",NA,NA,1,"leech,longitudinal eyes (stripey with nodules)","x040724_att06_mzb6",1,"Glossiphoniidae"
"Animalia","Annelida","Clitellata","Rhynchobdellida","Glossiphoniidae",NA,NA,1,"leech,longitudinal eyes (stripey with nodules)","x100724_att09_mzb9",1,"Glossiphoniidae"
"Animalia","Annelida","Clitellata","Rhynchobdellida","Glossiphoniidae",NA,NA,1,"leech,longitudinal eyes (stripey with nodules)","x100724_att09_mzb10",2,"Glossiphoniidae"
"Animalia","Annelida","Clitellata","Rhynchobdellida","Glossiphoniidae",NA,NA,1,"leech,longitudinal eyes (stripey with nodules)","x100724_att10_mzb11",2,"Glossiphoniidae"
"Animalia","Annelida","Clitellata","Rhynchobdellida","Glossiphoniidae",NA,NA,1,"leech,longitudinal eyes (stripey with nodules)","x100724_att10_mzb12",1,"Glossiphoniidae"
"Animalia","Annelida","Clitellata","Rhynchobdellida","Glossiphoniidae",NA,NA,1,"leech,longitudinal eyes (stripey with nodules)","x100724_att13_mzb1",1,"Glossiphoniidae"
"Animalia","Annelida","Clitellata","Rhynchobdellida","Glossiphoniidae",NA,NA,1,"leech,longitudinal eyes (stripey with nodules)","x100724_att13_mzb2",1,"Glossiphoniidae"
"Animalia","Annelida","Clitellata","Rhynchobdellida","Glossiphoniidae",NA,NA,1,"leech,longitudinal eyes (stripey with nodules)","x030724_att18_mzb2",2,"Glossiphoniidae"
"Animalia","Annelida","Clitellata","Rhynchobdellida","Glossiphoniidae",NA,NA,1,"leech,longitudinal eyes (stripey with nodules)","x030724_att19_mzb3",2,"Glossiphoniidae"
"Animalia","Annelida","Clitellata","Rhynchobdellida","Glossiphoniidae",NA,NA,1,"leech,longitudinal eyes (stripey with nodules)","x030724_att19_mzb4",4,"Glossiphoniidae"
"Animalia","Annelida","Clitellata","Rhynchobdellida","Glossiphoniidae",NA,NA,1,"leech,longitudinal eyes (stripey with nodules)","x030724_att20_mzb6",1,"Glossiphoniidae"
"Animalia","Annelida","Clitellata","Rhynchobdellida","Glossiphoniidae",NA,NA,1,"leech,longitudinal eyes (stripey with nodules)","x010724_att21_mzb7",1,"Glossiphoniidae"
"Animalia","Annelida","Clitellata","Rhynchobdellida","Glossiphoniidae",NA,NA,1,"leech,longitudinal eyes (stripey with nodules)","x010724_att22_mzb1",3,"Glossiphoniidae"
"Animalia","Annelida","Clitellata","Rhynchobdellida","Glossiphoniidae",NA,NA,1,"leech,longitudinal eyes (stripey with nodules)","x010724_att22_mzb2",7,"Glossiphoniidae"
"Animalia","Annelida","Clitellata","Rhynchobdellida","Glossiphoniidae",NA,NA,1,"leech,longitudinal eyes (stripey with nodules)","x010724_att23_mzb3",2,"Glossiphoniidae"
"Animalia","Annelida","Clitellata","Rhynchobdellida","Glossiphoniidae",NA,NA,1,"leech,longitudinal eyes (stripey with nodules)","x010724_att24_mzb5",4,"Glossiphoniidae"
"Animalia","Annelida","Clitellata","Rhynchobdellida","Glossiphoniidae",NA,NA,1,"leech,longitudinal eyes (stripey with nodules)","x010724_att24_mzb6",1,"Glossiphoniidae"
"Animalia","Annelida","Clitellata","Rhynchobdellida","Piscicolidae",NA,"Piscicola",1,"fish leech","x050724_att01_mzb2",1,"Piscicola geometra"
"Animalia","Annelida","Clitellata","Rhynchobdellida","Piscicolidae",NA,"Piscicola",1,"fish leech","x050724_att04_mzb8",1,"Piscicola geometra"
"Animalia","Annelida","Clitellata","Rhynchobdellida","Piscicolidae",NA,"Piscicola",1,"fish leech","x100724_att09_mzb10",1,"Piscicola geometra"
"Animalia","Annelida","Clitellata","Rhynchobdellida","Piscicolidae",NA,"Piscicola",1,"fish leech","x030724_att20_mzb5",3,"Piscicola geometra"
"Animalia","Annelida","Clitellata","Rhynchobdellida","Piscicolidae",NA,"Piscicola",1,"fish leech","x010724_att22_mzb2",2,"Piscicola geometra"
"Animalia","Annelida","Clitellata","Rhynchobdellida","Piscicolidae",NA,"Piscicola",1,"fish leech","x010724_att23_mzb4",1,"Piscicola geometra"
"Animalia","Arthropoda","Arachnida","Araneae","Cybaeidae",NA,"Argyroneta",1,"water spider","x020724_att17_mzb6",1,"Argyroneta aquatica"
"Animalia","Arthropoda","Arachnida","Araneae","Cybaeidae",NA,"Argyroneta",1,"water spider","x030724_att19_mzb3",1,"Argyroneta aquatica"
"Animalia","Arthropoda","Arachnida","Araneae","Cybaeidae",NA,"Argyroneta",1,"water spider","x030724_att20_mzb5",1,"Argyroneta aquatica"
"Animalia","Arthropoda","Arachnida","Acari","Hydrachnidia",NA,NA,1,"mite 1 red","x050724_att08_mzb10",1,"Hydrachnidia"
"Animalia","Arthropoda","Arachnida","Acari","Hydrachnidia",NA,NA,1,"mite 1 red","x030724_att20_mzb5",1,"Hydrachnidia"
"Animalia","Arthropoda","Arachnida","Acari","Hydrachnidia",NA,NA,1,"mite 2 blue","x040724_att05_mzb4",2,"Hydrachnidia"
"Animalia","Arthropoda","Arachnida","Acari","Hydrachnidia",NA,NA,1,"mite 3, white, red legs","x010724_att23_mzb4",1,"Hydrachnidia"
"Animalia","Arthropoda","Arachnida","Acari","Halacaridae",NA,NA,1,"mite (hairy legs, thicker front legs)","x010724_att22_mzb2",2,"Halacaridae"
"Animalia","Arthropoda","Branchiopoda","Diplostraca","Daphniidae",NA,NA,1,"water flea","x050724_att01_mzb1",8,"Daphniidae"
"Animalia","Arthropoda","Branchiopoda","Diplostraca","Daphniidae",NA,NA,1,"water flea","x050724_att01_mzb2",100,"Daphniidae"
"Animalia","Arthropoda","Branchiopoda","Diplostraca","Daphniidae",NA,NA,1,"water flea","x050724_att03_mzb5",10,"Daphniidae"
"Animalia","Arthropoda","Branchiopoda","Diplostraca","Daphniidae",NA,NA,1,"water flea","x050724_att03_mzb6",400,"Daphniidae"
"Animalia","Arthropoda","Branchiopoda","Diplostraca","Daphniidae",NA,NA,1,"water flea","x040724_att05_mzb3",450,"Daphniidae"
"Animalia","Arthropoda","Branchiopoda","Diplostraca","Daphniidae",NA,NA,1,"water flea","x040724_att05_mzb4",180,"Daphniidae"
"Animalia","Arthropoda","Branchiopoda","Diplostraca","Daphniidae",NA,NA,1,"water flea","x040724_att06_mzb5",600,"Daphniidae"
"Animalia","Arthropoda","Branchiopoda","Diplostraca","Daphniidae",NA,NA,1,"water flea","x040724_att06_mzb6",200,"Daphniidae"
"Animalia","Arthropoda","Branchiopoda","Diplostraca","Daphniidae",NA,NA,1,"water flea","x040724_att07_mzb1",80,"Daphniidae"
"Animalia","Arthropoda","Branchiopoda","Diplostraca","Daphniidae",NA,NA,1,"water flea","x040724_att07_mzb2",4,"Daphniidae"
"Animalia","Arthropoda","Branchiopoda","Diplostraca","Daphniidae",NA,NA,1,"water flea","x050724_att08_mzb9",600,"Daphniidae"
"Animalia","Arthropoda","Branchiopoda","Diplostraca","Daphniidae",NA,NA,1,"water flea","x050724_att08_mzb10",80,"Daphniidae"
"Animalia","Arthropoda","Branchiopoda","Diplostraca","Daphniidae",NA,NA,1,"water flea","x100724_att09_mzb9",22,"Daphniidae"
"Animalia","Arthropoda","Branchiopoda","Diplostraca","Daphniidae",NA,NA,1,"water flea","x100724_att09_mzb10",1,"Daphniidae"
"Animalia","Arthropoda","Branchiopoda","Diplostraca","Daphniidae",NA,NA,1,"water flea","x100724_att10_mzb11",16,"Daphniidae"
"Animalia","Arthropoda","Branchiopoda","Diplostraca","Daphniidae",NA,NA,1,"water flea","x100724_att10_mzb12",39,"Daphniidae"
"Animalia","Arthropoda","Branchiopoda","Diplostraca","Daphniidae",NA,NA,1,"water flea","x100724_att12_mzb3",1,"Daphniidae"
"Animalia","Arthropoda","Branchiopoda","Diplostraca","Daphniidae",NA,NA,1,"water flea","x020724_att16_mzb3",8,"Daphniidae"
"Animalia","Arthropoda","Branchiopoda","Diplostraca","Daphniidae",NA,NA,1,"water flea","x020724_att16_mzb4",4,"Daphniidae"
"Animalia","Arthropoda","Branchiopoda","Diplostraca","Daphniidae",NA,NA,1,"water flea","x020724_att17_mzb5",2,"Daphniidae"
"Animalia","Arthropoda","Branchiopoda","Diplostraca","Daphniidae",NA,NA,1,"water flea","x030724_att19_mzb3",1,"Daphniidae"
"Animalia","Arthropoda","Branchiopoda","Diplostraca","Daphniidae",NA,NA,1,"water flea","x010724_att21_mzb7",21,"Daphniidae"
"Animalia","Arthropoda","Branchiopoda","Diplostraca","Daphniidae",NA,NA,1,"water flea","x010724_att21_mzb8",45,"Daphniidae"
"Animalia","Arthropoda","Branchiopoda","Diplostraca","Daphniidae",NA,NA,1,"water flea","x010724_att22_mzb1",75,"Daphniidae"
"Animalia","Arthropoda","Branchiopoda","Diplostraca","Daphniidae",NA,NA,1,"water flea","x010724_att22_mzb2",800,"Daphniidae"
"Animalia","Arthropoda","Branchiopoda","Diplostraca","Daphniidae",NA,NA,1,"water flea","x010724_att23_mzb3",1000,"Daphniidae"
"Animalia","Arthropoda","Branchiopoda","Diplostraca","Daphniidae",NA,NA,1,"water flea","x010724_att23_mzb4",6000,"Daphniidae"
"Animalia","Arthropoda","Branchiopoda","Diplostraca","Daphniidae",NA,NA,1,"water flea","x010724_att24_mzb5",150,"Daphniidae"
"Animalia","Arthropoda","Branchiopoda","Diplostraca","Daphniidae",NA,NA,1,"water flea","x010724_att24_mzb6",250,"Daphniidae"
"Animalia","Arthropoda","Collembola","Entomobryomorpha","Isotomidae",NA,NA,1,"springtail","x100724_att10_mzb12",1,"Isotomidae"
"Animalia","Arthropoda","Hexanauplia","Cyclopoida","Cyclopidae",NA,NA,1,"copepods","x050724_att01_mzb1",8,"Cyclopidae"
"Animalia","Arthropoda","Hexanauplia","Cyclopoida","Cyclopidae",NA,NA,1,"copepods","x050724_att01_mzb2",60,"Cyclopidae"
"Animalia","Arthropoda","Hexanauplia","Cyclopoida","Cyclopidae",NA,NA,1,"copepods","x050724_att03_mzb5",7,"Cyclopidae"
"Animalia","Arthropoda","Hexanauplia","Cyclopoida","Cyclopidae",NA,NA,1,"copepods","x050724_att03_mzb6",200,"Cyclopidae"
"Animalia","Arthropoda","Hexanauplia","Cyclopoida","Cyclopidae",NA,NA,1,"copepods","x050724_att04_mzb7",8,"Cyclopidae"
"Animalia","Arthropoda","Hexanauplia","Cyclopoida","Cyclopidae",NA,NA,1,"copepods","x040724_att05_mzb3",180,"Cyclopidae"
"Animalia","Arthropoda","Hexanauplia","Cyclopoida","Cyclopidae",NA,NA,1,"copepods","x040724_att05_mzb4",120,"Cyclopidae"
"Animalia","Arthropoda","Hexanauplia","Cyclopoida","Cyclopidae",NA,NA,1,"copepods","x040724_att06_mzb5",150,"Cyclopidae"
"Animalia","Arthropoda","Hexanauplia","Cyclopoida","Cyclopidae",NA,NA,1,"copepods","x040724_att06_mzb6",80,"Cyclopidae"
"Animalia","Arthropoda","Hexanauplia","Cyclopoida","Cyclopidae",NA,NA,1,"copepods","x050724_att08_mzb9",240,"Cyclopidae"
"Animalia","Arthropoda","Hexanauplia","Cyclopoida","Cyclopidae",NA,NA,1,"copepods","x050724_att08_mzb10",132,"Cyclopidae"
"Animalia","Arthropoda","Hexanauplia","Cyclopoida","Cyclopidae",NA,NA,1,"copepods","x100724_att09_mzb9",16,"Cyclopidae"
"Animalia","Arthropoda","Hexanauplia","Cyclopoida","Cyclopidae",NA,NA,1,"copepods","x100724_att09_mzb10",2,"Cyclopidae"
"Animalia","Arthropoda","Hexanauplia","Cyclopoida","Cyclopidae",NA,NA,1,"copepods","x100724_att10_mzb11",8,"Cyclopidae"
"Animalia","Arthropoda","Hexanauplia","Cyclopoida","Cyclopidae",NA,NA,1,"copepods","x100724_att10_mzb12",30,"Cyclopidae"
"Animalia","Arthropoda","Hexanauplia","Cyclopoida","Cyclopidae",NA,NA,1,"copepods","x100724_att12_mzb3",1,"Cyclopidae"
"Animalia","Arthropoda","Hexanauplia","Cyclopoida","Cyclopidae",NA,NA,1,"copepods","x100724_att13_mzb1",1,"Cyclopidae"
"Animalia","Arthropoda","Hexanauplia","Cyclopoida","Cyclopidae",NA,NA,1,"copepods","x100724_att13_mzb2",1,"Cyclopidae"
"Animalia","Arthropoda","Hexanauplia","Cyclopoida","Cyclopidae",NA,NA,1,"copepods","x020724_att15_mzb1",2,"Cyclopidae"
"Animalia","Arthropoda","Hexanauplia","Cyclopoida","Cyclopidae",NA,NA,1,"copepods","x020724_att15_mzb2",6,"Cyclopidae"
"Animalia","Arthropoda","Hexanauplia","Cyclopoida","Cyclopidae",NA,NA,1,"copepods","x020724_att16_mzb3",28,"Cyclopidae"
"Animalia","Arthropoda","Hexanauplia","Cyclopoida","Cyclopidae",NA,NA,1,"copepods","x020724_att16_mzb4",32,"Cyclopidae"
"Animalia","Arthropoda","Hexanauplia","Cyclopoida","Cyclopidae",NA,NA,1,"copepods","x020724_att17_mzb5",90,"Cyclopidae"
"Animalia","Arthropoda","Hexanauplia","Cyclopoida","Cyclopidae",NA,NA,1,"copepods","x020724_att17_mzb6",66,"Cyclopidae"
"Animalia","Arthropoda","Hexanauplia","Cyclopoida","Cyclopidae",NA,NA,1,"copepods","x030724_att18_mzb2",1,"Cyclopidae"
"Animalia","Arthropoda","Hexanauplia","Cyclopoida","Cyclopidae",NA,NA,1,"copepods","x030724_att19_mzb3",1,"Cyclopidae"
"Animalia","Arthropoda","Hexanauplia","Cyclopoida","Cyclopidae",NA,NA,1,"copepods","x030724_att20_mzb6",1,"Cyclopidae"
"Animalia","Arthropoda","Hexanauplia","Cyclopoida","Cyclopidae",NA,NA,1,"copepods","x010724_att21_mzb8",2,"Cyclopidae"
"Animalia","Arthropoda","Hexanauplia","Cyclopoida","Cyclopidae",NA,NA,1,"copepods","x010724_att22_mzb1",11,"Cyclopidae"
"Animalia","Arthropoda","Hexanauplia","Cyclopoida","Cyclopidae",NA,NA,1,"copepods","x010724_att22_mzb2",16,"Cyclopidae"
"Animalia","Arthropoda","Hexanauplia","Cyclopoida","Cyclopidae",NA,NA,1,"copepods","x010724_att23_mzb3",4,"Cyclopidae"
"Animalia","Arthropoda","Hexanauplia","Cyclopoida","Cyclopidae",NA,NA,1,"copepods","x010724_att23_mzb4",5,"Cyclopidae"
"Animalia","Arthropoda","Hexanauplia","Cyclopoida","Cyclopidae",NA,NA,1,"copepods","x010724_att24_mzb5",3,"Cyclopidae"
"Animalia","Arthropoda","Insecta","Coleoptera","Haliplidae",NA,"Haliplus",1,NA,"x050724_att01_mzb1",1,"Haliplus"
"Animalia","Arthropoda","Insecta","Coleoptera","Haliplidae",NA,"Haliplus",1,NA,"x040724_att05_mzb3",5,"Haliplus"
"Animalia","Arthropoda","Insecta","Coleoptera","Haliplidae",NA,"Haliplus",1,NA,"x040724_att05_mzb4",6,"Haliplus"
"Animalia","Arthropoda","Insecta","Coleoptera","Haliplidae",NA,"Haliplus",1,NA,"x050724_att08_mzb10",2,"Haliplus"
"Animalia","Arthropoda","Insecta","Coleoptera","Haliplidae",NA,"Haliplus",1,NA,"x010724_att23_mzb4",1,"Haliplus"
"Animalia","Arthropoda","Insecta","Coleoptera","Dytiscidae",NA,NA,1,"diving beetles","x050724_att08_mzb10",3,"Dytiscidae"
"Animalia","Arthropoda","Insecta","Coleoptera","Dytiscidae",NA,NA,1,"diving beetles","x100724_att11_mzb7",3,"Dytiscidae"
"Animalia","Arthropoda","Insecta","Coleoptera","Dytiscidae",NA,NA,1,"diving beetles","x020724_att16_mzb3",1,"Dytiscidae"
"Animalia","Arthropoda","Insecta","Coleoptera","Dytiscidae",NA,NA,1,"diving beetles","x020724_att17_mzb5",7,"Dytiscidae"
"Animalia","Arthropoda","Insecta","Coleoptera","Dytiscidae",NA,NA,1,"diving beetles","x020724_att17_mzb6",2,"Dytiscidae"
"Animalia","Arthropoda","Insecta","Coleoptera","Dytiscidae",NA,NA,1,"diving beetles","x030724_att19_mzb3",1,"Dytiscidae"
"Animalia","Arthropoda","Insecta","Coleoptera","Dytiscidae",NA,NA,1,"diving beetles","x010724_att23_mzb3",1,"Dytiscidae"
"Animalia","Arthropoda","Insecta","Coleoptera","Hydrophilidae",NA,NA,1,NA,"x050724_att03_mzb5",1,"Hydrophilidae"
"Animalia","Arthropoda","Insecta","Coleoptera","Hydrophilidae",NA,NA,1,NA,"x050724_att04_mzb8",1,"Hydrophilidae"
"Animalia","Arthropoda","Insecta","Coleoptera","Hydrophilidae",NA,NA,1,NA,"x040724_att05_mzb3",4,"Hydrophilidae"
"Animalia","Arthropoda","Insecta","Coleoptera","Hydrophilidae",NA,NA,1,NA,"x010724_att21_mzb7",2,"Hydrophilidae"
"Animalia","Arthropoda","Insecta","Coleoptera","Spercheidae",NA,NA,1,NA,"x040724_att05_mzb3",8,"Spercheidae"
"Animalia","Arthropoda","Insecta","Coleoptera","Spercheidae",NA,NA,1,NA,"x020724_att17_mzb5",1,"Spercheidae"
"Animalia","Arthropoda","Insecta","Coleoptera","Spercheidae",NA,NA,1,NA,"x010724_att22_mzb2",1,"Spercheidae"
"Animalia","Arthropoda","Insecta","Coleoptera","Spercheidae",NA,NA,1,NA,"x010724_att23_mzb4",1,"Spercheidae"
"Animalia","Arthropoda","Insecta","Coleoptera","Dryopidae",NA,NA,1,NA,"x050724_att01_mzb1",5,"Dryopidae"
"Animalia","Arthropoda","Insecta","Coleoptera","Dryopidae",NA,NA,1,NA,"x030724_att19_mzb3",1,"Dryopidae"
"Animalia","Arthropoda","Insecta","Coleoptera","Chyrsomelidae",NA,NA,1,NA,"x050724_att01_mzb2",3,"Chyrsomelidae"
"Animalia","Arthropoda","Insecta","Coleoptera","Elmidae",NA,NA,1,NA,"x050724_att03_mzb6",1,"Elmidae"
"Animalia","Arthropoda","Insecta","Coleoptera","Elmidae",NA,NA,1,NA,"x040724_att06_mzb5",1,"Elmidae"
"Animalia","Arthropoda","Insecta","Coleoptera","Elmidae",NA,NA,1,NA,"x010724_att21_mzb8",1,"Elmidae"
"Animalia","Arthropoda","Insecta","Coleoptera","Curculionidae",NA,NA,1,"weevils","x050724_att08_mzb10",1,"Curculionidae"
"Animalia","Arthropoda","Insecta","Diptera","Chaoboridae",NA,"Chaoborus",1,"phantom midges","x050724_att03_mzb6",1,"Chaoborus"
"Animalia","Arthropoda","Insecta","Diptera","Chaoboridae",NA,"Chaoborus",1,"phantom midges","x100724_att11_mzb7",1,"Chaoborus"
"Animalia","Arthropoda","Insecta","Diptera","Chironomidae","Chironominae",NA,1,"non biting midges","x050724_att01_mzb1",12,"Chironomidae"
"Animalia","Arthropoda","Insecta","Diptera","Chironomidae","Chironominae",NA,1,"non biting midges","x050724_att01_mzb2",4,"Chironomidae"
"Animalia","Arthropoda","Insecta","Diptera","Chironomidae","Chironominae",NA,1,"non biting midges","x050724_att02_mzb3",5,"Chironomidae"
"Animalia","Arthropoda","Insecta","Diptera","Chironomidae","Chironominae",NA,1,"non biting midges","x050724_att02_mzb4",8,"Chironomidae"
"Animalia","Arthropoda","Insecta","Diptera","Chironomidae","Chironominae",NA,1,"non biting midges","x050724_att03_mzb5",3,"Chironomidae"
"Animalia","Arthropoda","Insecta","Diptera","Chironomidae","Chironominae",NA,1,"non biting midges","x050724_att03_mzb6",59,"Chironomidae"
"Animalia","Arthropoda","Insecta","Diptera","Chironomidae","Chironominae",NA,1,"non biting midges","x050724_att04_mzb7",35,"Chironomidae"
"Animalia","Arthropoda","Insecta","Diptera","Chironomidae","Chironominae",NA,1,"non biting midges","x050724_att04_mzb8",23,"Chironomidae"
"Animalia","Arthropoda","Insecta","Diptera","Chironomidae","Chironominae",NA,1,"non biting midges","x040724_att05_mzb3",3,"Chironomidae"
"Animalia","Arthropoda","Insecta","Diptera","Chironomidae","Chironominae",NA,1,"non biting midges","x040724_att05_mzb4",1,"Chironomidae"
"Animalia","Arthropoda","Insecta","Diptera","Chironomidae","Chironominae",NA,1,"non biting midges","x040724_att06_mzb5",17,"Chironomidae"
"Animalia","Arthropoda","Insecta","Diptera","Chironomidae","Chironominae",NA,1,"non biting midges","x040724_att07_mzb1",13,"Chironomidae"
"Animalia","Arthropoda","Insecta","Diptera","Chironomidae","Chironominae",NA,1,"non biting midges","x040724_att07_mzb2",11,"Chironomidae"
"Animalia","Arthropoda","Insecta","Diptera","Chironomidae","Chironominae",NA,1,"non biting midges","x050724_att08_mzb9",18,"Chironomidae"
"Animalia","Arthropoda","Insecta","Diptera","Chironomidae","Chironominae",NA,1,"non biting midges","x050724_att08_mzb10",13,"Chironomidae"
"Animalia","Arthropoda","Insecta","Diptera","Chironomidae","Chironominae",NA,1,"non biting midges","x100724_att09_mzb9",13,"Chironomidae"
"Animalia","Arthropoda","Insecta","Diptera","Chironomidae","Chironominae",NA,1,"non biting midges","x100724_att09_mzb10",4,"Chironomidae"
"Animalia","Arthropoda","Insecta","Diptera","Chironomidae","Chironominae",NA,1,"non biting midges","x100724_att10_mzb11",9,"Chironomidae"
"Animalia","Arthropoda","Insecta","Diptera","Chironomidae","Chironominae",NA,1,"non biting midges","x100724_att10_mzb12",8,"Chironomidae"
"Animalia","Arthropoda","Insecta","Diptera","Chironomidae","Chironominae",NA,1,"non biting midges","x100724_att11_mzb8",2,"Chironomidae"
"Animalia","Arthropoda","Insecta","Diptera","Chironomidae","Chironominae",NA,1,"non biting midges","x100724_att12_mzb4",2,"Chironomidae"
"Animalia","Arthropoda","Insecta","Diptera","Chironomidae","Chironominae",NA,1,"non biting midges","x100724_att13_mzb1",5,"Chironomidae"
"Animalia","Arthropoda","Insecta","Diptera","Chironomidae","Chironominae",NA,1,"non biting midges","x100724_att14_mzb5",4,"Chironomidae"
"Animalia","Arthropoda","Insecta","Diptera","Chironomidae","Chironominae",NA,1,"non biting midges","x020724_att15_mzb1",1,"Chironomidae"
"Animalia","Arthropoda","Insecta","Diptera","Chironomidae","Chironominae",NA,1,"non biting midges","x020724_att15_mzb2",7,"Chironomidae"
"Animalia","Arthropoda","Insecta","Diptera","Chironomidae","Chironominae",NA,1,"non biting midges","x020724_att16_mzb3",31,"Chironomidae"
"Animalia","Arthropoda","Insecta","Diptera","Chironomidae","Chironominae",NA,1,"non biting midges","x020724_att16_mzb4",23,"Chironomidae"
"Animalia","Arthropoda","Insecta","Diptera","Chironomidae","Chironominae",NA,1,"non biting midges","x020724_att17_mzb5",17,"Chironomidae"
"Animalia","Arthropoda","Insecta","Diptera","Chironomidae","Chironominae",NA,1,"non biting midges","x020724_att17_mzb6",10,"Chironomidae"
"Animalia","Arthropoda","Insecta","Diptera","Chironomidae","Chironominae",NA,1,"non biting midges","x030724_att18_mzb1",90,"Chironomidae"
"Animalia","Arthropoda","Insecta","Diptera","Chironomidae","Chironominae",NA,1,"non biting midges","x030724_att18_mzb2",34,"Chironomidae"
"Animalia","Arthropoda","Insecta","Diptera","Chironomidae","Chironominae",NA,1,"non biting midges","x030724_att19_mzb3",39,"Chironomidae"
"Animalia","Arthropoda","Insecta","Diptera","Chironomidae","Chironominae",NA,1,"non biting midges","x030724_att19_mzb4",29,"Chironomidae"
"Animalia","Arthropoda","Insecta","Diptera","Chironomidae","Chironominae",NA,1,"non biting midges","x030724_att20_mzb5",26,"Chironomidae"
"Animalia","Arthropoda","Insecta","Diptera","Chironomidae","Chironominae",NA,1,"non biting midges","x030724_att20_mzb6",15,"Chironomidae"
"Animalia","Arthropoda","Insecta","Diptera","Chironomidae","Chironominae",NA,1,"non biting midges","x010724_att21_mzb8",12,"Chironomidae"
"Animalia","Arthropoda","Insecta","Diptera","Chironomidae","Chironominae",NA,1,"non biting midges","x010724_att22_mzb1",20,"Chironomidae"
"Animalia","Arthropoda","Insecta","Diptera","Chironomidae","Chironominae",NA,1,"non biting midges","x010724_att22_mzb2",70,"Chironomidae"
"Animalia","Arthropoda","Insecta","Diptera","Chironomidae","Chironominae",NA,1,"non biting midges","x010724_att23_mzb3",184,"Chironomidae"
"Animalia","Arthropoda","Insecta","Diptera","Chironomidae","Chironominae",NA,1,"non biting midges","x010724_att23_mzb4",52,"Chironomidae"
"Animalia","Arthropoda","Insecta","Diptera","Chironomidae","Chironominae",NA,1,"non biting midges","x010724_att24_mzb5",31,"Chironomidae"
"Animalia","Arthropoda","Insecta","Diptera","Chironomidae","Chironominae",NA,1,"non biting midges","x010724_att24_mzb6",27,"Chironomidae"
"Animalia","Arthropoda","Insecta","Diptera","Chironomidae","Tanypodinae",NA,1,"non biting midges","x050724_att01_mzb1",1,"Chironomidae"
"Animalia","Arthropoda","Insecta","Diptera","Chironomidae","Tanypodinae",NA,1,"non biting midges","x050724_att04_mzb7",5,"Chironomidae"
"Animalia","Arthropoda","Insecta","Diptera","Chironomidae","Tanypodinae",NA,1,"non biting midges","x040724_att07_mzb1",6,"Chironomidae"
"Animalia","Arthropoda","Insecta","Diptera","Chironomidae","Tanypodinae",NA,1,"non biting midges","x040724_att07_mzb2",4,"Chironomidae"
"Animalia","Arthropoda","Insecta","Diptera","Chironomidae","Tanypodinae",NA,1,"non biting midges","x100724_att11_mzb8",1,"Chironomidae"
"Animalia","Arthropoda","Insecta","Diptera","Chironomidae","Tanypodinae",NA,1,"non biting midges","x020724_att16_mzb3",1,"Chironomidae"
"Animalia","Arthropoda","Insecta","Diptera","Chironomidae","Tanypodinae",NA,1,"non biting midges","x020724_att16_mzb4",3,"Chironomidae"
"Animalia","Arthropoda","Insecta","Diptera","Chironomidae","Tanypodinae",NA,1,"non biting midges","x030724_att18_mzb1",6,"Chironomidae"
"Animalia","Arthropoda","Insecta","Diptera","Chironomidae","Tanypodinae",NA,1,"non biting midges","x030724_att18_mzb2",2,"Chironomidae"
"Animalia","Arthropoda","Insecta","Diptera","Chironomidae","Tanypodinae",NA,1,"non biting midges","x030724_att20_mzb5",1,"Chironomidae"
"Animalia","Arthropoda","Insecta","Diptera","Chironomidae","Tanypodinae",NA,1,"non biting midges","x030724_att20_mzb6",2,"Chironomidae"
"Animalia","Arthropoda","Insecta","Diptera","Chironomidae","Tanypodinae",NA,1,"non biting midges","x010724_att21_mzb8",1,"Chironomidae"
"Animalia","Arthropoda","Insecta","Diptera","Chironomidae","Tanypodinae",NA,1,"non biting midges","x010724_att22_mzb2",6,"Chironomidae"
"Animalia","Arthropoda","Insecta","Diptera","Chironomidae","Tanypodinae",NA,1,"non biting midges","x010724_att23_mzb3",28,"Chironomidae"
"Animalia","Arthropoda","Insecta","Diptera","Chironomidae","Tanypodinae",NA,1,"non biting midges","x010724_att23_mzb4",1,"Chironomidae"
"Animalia","Arthropoda","Insecta","Diptera","Chironomidae","Tanypodinae",NA,1,"non biting midges","x010724_att24_mzb5",5,"Chironomidae"
"Animalia","Arthropoda","Insecta","Diptera","Chironomidae","Tanypodinae",NA,1,"non biting midges","x010724_att24_mzb6",2,"Chironomidae"
"Animalia","Arthropoda","Insecta","Diptera","Psychodidae",NA,NA,1,"moth flies or owl midges","x100724_att10_mzb11",2,"Psychodidae"
"Animalia","Arthropoda","Insecta","Diptera","Stratiomyidae",NA,NA,1,"soldierflies","x050724_att01_mzb1",1,"Stratiomyidae"
"Animalia","Arthropoda","Insecta","Diptera","Tipulidae",NA,NA,1,"craneflies","x100724_att10_mzb12",2,"Tipulidae"
"Animalia","Arthropoda","Insecta","Diptera","Limoniidae",NA,"Helius",1,"limonid craneflies","x030724_att18_mzb1",1,"Helius"
"Animalia","Arthropoda","Insecta","Diptera","Limoniidae",NA,"Helius",1,"limonid craneflies","x030724_att20_mzb5",1,"Helius"
"Animalia","Arthropoda","Insecta","Diptera","Culicidae",NA,NA,1,"mosquitoes","x050724_att01_mzb1",1,"Culicidae"
"Animalia","Arthropoda","Insecta","Diptera","Ceratopogonidae",NA,NA,1,"biting midges","x050724_att03_mzb5",6,"Ceratopogonidae"
"Animalia","Arthropoda","Insecta","Diptera","Ceratopogonidae",NA,NA,1,"biting midges","x040724_att05_mzb3",1,"Ceratopogonidae"
"Animalia","Arthropoda","Insecta","Diptera","Ceratopogonidae",NA,NA,1,"biting midges","x040724_att06_mzb5",1,"Ceratopogonidae"
"Animalia","Arthropoda","Insecta","Diptera","Ceratopogonidae",NA,NA,1,"biting midges","x020724_att17_mzb6",1,"Ceratopogonidae"
"Animalia","Arthropoda","Insecta","Diptera","Ceratopogonidae",NA,NA,1,"biting midges","x030724_att19_mzb3",13,"Ceratopogonidae"
"Animalia","Arthropoda","Insecta","Diptera","Ceratopogonidae",NA,NA,1,"biting midges","x030724_att19_mzb4",7,"Ceratopogonidae"
"Animalia","Arthropoda","Insecta","Diptera","Ceratopogonidae",NA,NA,1,"biting midges","x010724_att22_mzb1",2,"Ceratopogonidae"
"Animalia","Arthropoda","Insecta","Diptera","Ephydridae",NA,"Setacera",1,NA,"x040724_att06_mzb6",1,"Setacera"
"Animalia","Arthropoda","Insecta","Diptera","Ephydridae",NA,"Setacera",1,NA,"x030724_att19_mzb4",2,"Setacera"
"Animalia","Arthropoda","Insecta","Ephemeroptera","Baetidae",NA,"Cloeon",1,"mayflies","x050724_att01_mzb2",1,"Cloeon dipterum"
"Animalia","Arthropoda","Insecta","Ephemeroptera","Baetidae",NA,"Cloeon",1,"mayflies","x050724_att03_mzb6",25,"Cloeon dipterum"
"Animalia","Arthropoda","Insecta","Ephemeroptera","Baetidae",NA,"Cloeon",1,"mayflies","x040724_att05_mzb3",178,"Cloeon dipterum"
"Animalia","Arthropoda","Insecta","Ephemeroptera","Baetidae",NA,"Cloeon",1,"mayflies","x040724_att05_mzb4",84,"Cloeon dipterum"
"Animalia","Arthropoda","Insecta","Ephemeroptera","Baetidae",NA,"Cloeon",1,"mayflies","x040724_att06_mzb5",34,"Cloeon dipterum"
"Animalia","Arthropoda","Insecta","Ephemeroptera","Baetidae",NA,"Cloeon",1,"mayflies","x040724_att06_mzb6",14,"Cloeon dipterum"
"Animalia","Arthropoda","Insecta","Ephemeroptera","Baetidae",NA,"Cloeon",1,"mayflies","x040724_att07_mzb2",2,"Cloeon dipterum"
"Animalia","Arthropoda","Insecta","Ephemeroptera","Baetidae",NA,"Cloeon",1,"mayflies","x050724_att08_mzb9",7,"Cloeon dipterum"
"Animalia","Arthropoda","Insecta","Ephemeroptera","Baetidae",NA,"Cloeon",1,"mayflies","x050724_att08_mzb10",4,"Cloeon dipterum"
"Animalia","Arthropoda","Insecta","Ephemeroptera","Baetidae",NA,"Cloeon",1,"mayflies","x100724_att10_mzb12",1,"Cloeon dipterum"
"Animalia","Arthropoda","Insecta","Ephemeroptera","Baetidae",NA,"Cloeon",1,"mayflies","x100724_att14_mzb6",1,"Cloeon dipterum"
"Animalia","Arthropoda","Insecta","Ephemeroptera","Baetidae",NA,"Cloeon",1,"mayflies","x030724_att20_mzb5",1,"Cloeon dipterum"
"Animalia","Arthropoda","Insecta","Ephemeroptera","Baetidae",NA,"Cloeon",1,"mayflies","x030724_att20_mzb6",3,"Cloeon dipterum"
"Animalia","Arthropoda","Insecta","Ephemeroptera","Baetidae",NA,"Cloeon",1,"mayflies","x010724_att21_mzb7",2,"Cloeon dipterum"
"Animalia","Arthropoda","Insecta","Ephemeroptera","Baetidae",NA,"Cloeon",1,"mayflies","x010724_att21_mzb8",1,"Cloeon dipterum"
"Animalia","Arthropoda","Insecta","Ephemeroptera","Caenidae",NA,"Caenis",1,"mayflies","x010724_att22_mzb2",1,"Caenis horaria"
"Animalia","Arthropoda","Insecta","Hemiptera","Notonectidae",NA,"Notonecta",1,"greater water boatman","x050724_att01_mzb1",3,"Notonecta"
"Animalia","Arthropoda","Insecta","Hemiptera","Notonectidae",NA,"Notonecta",1,"greater water boatman","x050724_att01_mzb2",3,"Notonecta"
"Animalia","Arthropoda","Insecta","Hemiptera","Notonectidae",NA,"Notonecta",1,"greater water boatman","x050724_att02_mzb3",2,"Notonecta"
"Animalia","Arthropoda","Insecta","Hemiptera","Notonectidae",NA,"Notonecta",1,"greater water boatman","x050724_att03_mzb5",7,"Notonecta"
"Animalia","Arthropoda","Insecta","Hemiptera","Notonectidae",NA,"Notonecta",1,"greater water boatman","x050724_att03_mzb6",6,"Notonecta"
"Animalia","Arthropoda","Insecta","Hemiptera","Notonectidae",NA,"Notonecta",1,"greater water boatman","x050724_att04_mzb7",8,"Notonecta"
"Animalia","Arthropoda","Insecta","Hemiptera","Notonectidae",NA,"Notonecta",1,"greater water boatman","x050724_att04_mzb8",3,"Notonecta"
"Animalia","Arthropoda","Insecta","Hemiptera","Notonectidae",NA,"Notonecta",1,"greater water boatman","x040724_att05_mzb3",5,"Notonecta"
"Animalia","Arthropoda","Insecta","Hemiptera","Notonectidae",NA,"Notonecta",1,"greater water boatman","x040724_att05_mzb4",2,"Notonecta"
"Animalia","Arthropoda","Insecta","Hemiptera","Notonectidae",NA,"Notonecta",1,"greater water boatman","x040724_att06_mzb5",1,"Notonecta"
"Animalia","Arthropoda","Insecta","Hemiptera","Notonectidae",NA,"Notonecta",1,"greater water boatman","x040724_att06_mzb6",1,"Notonecta"
"Animalia","Arthropoda","Insecta","Hemiptera","Notonectidae",NA,"Notonecta",1,"greater water boatman","x050724_att08_mzb9",2,"Notonecta"
"Animalia","Arthropoda","Insecta","Hemiptera","Notonectidae",NA,"Notonecta",1,"greater water boatman","x050724_att08_mzb10",1,"Notonecta"
"Animalia","Arthropoda","Insecta","Hemiptera","Notonectidae",NA,"Notonecta",1,"greater water boatman","x100724_att09_mzb9",1,"Notonecta"
"Animalia","Arthropoda","Insecta","Hemiptera","Notonectidae",NA,"Notonecta",1,"greater water boatman","x100724_att10_mzb11",14,"Notonecta"
"Animalia","Arthropoda","Insecta","Hemiptera","Notonectidae",NA,"Notonecta",1,"greater water boatman","x100724_att10_mzb12",4,"Notonecta"
"Animalia","Arthropoda","Insecta","Hemiptera","Notonectidae",NA,"Notonecta",1,"greater water boatman","x020724_att15_mzb2",2,"Notonecta"
"Animalia","Arthropoda","Insecta","Hemiptera","Notonectidae",NA,"Notonecta",1,"greater water boatman","x020724_att17_mzb5",4,"Notonecta"
"Animalia","Arthropoda","Insecta","Hemiptera","Notonectidae",NA,"Notonecta",1,"greater water boatman","x030724_att19_mzb3",8,"Notonecta"
"Animalia","Arthropoda","Insecta","Hemiptera","Notonectidae",NA,"Notonecta",1,"greater water boatman","x030724_att19_mzb4",2,"Notonecta"
"Animalia","Arthropoda","Insecta","Hemiptera","Notonectidae",NA,"Notonecta",1,"greater water boatman","x010724_att23_mzb4",1,"Notonecta"
"Animalia","Arthropoda","Insecta","Hemiptera","Notonectidae",NA,"Notonecta",1,"greater water boatman","x010724_att24_mzb6",1,"Notonecta"
"Animalia","Arthropoda","Insecta","Hemiptera","Corixidae",NA,NA,1,"lesser water boatman","x050724_att01_mzb1",2,"Corixidae"
"Animalia","Arthropoda","Insecta","Hemiptera","Corixidae",NA,NA,1,"lesser water boatman","x050724_att03_mzb5",1,"Corixidae"
"Animalia","Arthropoda","Insecta","Hemiptera","Corixidae",NA,NA,1,"lesser water boatman","x050724_att03_mzb6",12,"Corixidae"
"Animalia","Arthropoda","Insecta","Hemiptera","Corixidae",NA,NA,1,"lesser water boatman","x040724_att05_mzb3",22,"Corixidae"
"Animalia","Arthropoda","Insecta","Hemiptera","Corixidae",NA,NA,1,"lesser water boatman","x040724_att05_mzb4",17,"Corixidae"
"Animalia","Arthropoda","Insecta","Hemiptera","Corixidae",NA,NA,1,"lesser water boatman","x040724_att06_mzb5",17,"Corixidae"
"Animalia","Arthropoda","Insecta","Hemiptera","Corixidae",NA,NA,1,"lesser water boatman","x040724_att06_mzb6",12,"Corixidae"
"Animalia","Arthropoda","Insecta","Hemiptera","Corixidae",NA,NA,1,"lesser water boatman","x050724_att08_mzb9",4,"Corixidae"
"Animalia","Arthropoda","Insecta","Hemiptera","Corixidae",NA,NA,1,"lesser water boatman","x050724_att08_mzb10",1,"Corixidae"
"Animalia","Arthropoda","Insecta","Hemiptera","Corixidae",NA,NA,1,"lesser water boatman","x100724_att09_mzb9",1,"Corixidae"
"Animalia","Arthropoda","Insecta","Hemiptera","Corixidae",NA,NA,1,"lesser water boatman","x100724_att10_mzb11",1,"Corixidae"
"Animalia","Arthropoda","Insecta","Hemiptera","Corixidae",NA,NA,1,"lesser water boatman","x100724_att10_mzb12",2,"Corixidae"
"Animalia","Arthropoda","Insecta","Hemiptera","Corixidae",NA,NA,1,"lesser water boatman","x020724_att15_mzb2",1,"Corixidae"
"Animalia","Arthropoda","Insecta","Hemiptera","Corixidae",NA,NA,1,"lesser water boatman","x020724_att16_mzb3",2,"Corixidae"
"Animalia","Arthropoda","Insecta","Hemiptera","Corixidae",NA,NA,1,"lesser water boatman","x020724_att16_mzb4",12,"Corixidae"
"Animalia","Arthropoda","Insecta","Hemiptera","Corixidae",NA,NA,1,"lesser water boatman","x020724_att17_mzb6",1,"Corixidae"
"Animalia","Arthropoda","Insecta","Hemiptera","Corixidae",NA,NA,1,"lesser water boatman","x030724_att19_mzb3",2,"Corixidae"
"Animalia","Arthropoda","Insecta","Hemiptera","Corixidae",NA,NA,1,"lesser water boatman","x030724_att19_mzb4",3,"Corixidae"
"Animalia","Arthropoda","Insecta","Hemiptera","Corixidae",NA,NA,1,"lesser water boatman","x010724_att21_mzb7",1,"Corixidae"
"Animalia","Arthropoda","Insecta","Hemiptera","Corixidae",NA,NA,1,"lesser water boatman","x010724_att22_mzb1",3,"Corixidae"
"Animalia","Arthropoda","Insecta","Hemiptera","Corixidae",NA,NA,1,"lesser water boatman","x010724_att22_mzb2",3,"Corixidae"
"Animalia","Arthropoda","Insecta","Hemiptera","Corixidae",NA,NA,1,"lesser water boatman","x010724_att23_mzb3",5,"Corixidae"
"Animalia","Arthropoda","Insecta","Hemiptera","Corixidae",NA,NA,1,"lesser water boatman","x010724_att23_mzb4",19,"Corixidae"
"Animalia","Arthropoda","Insecta","Hemiptera","Corixidae",NA,NA,1,"lesser water boatman","x010724_att24_mzb5",6,"Corixidae"
"Animalia","Arthropoda","Insecta","Hemiptera","Corixidae",NA,NA,1,"lesser water boatman","x010724_att24_mzb6",4,"Corixidae"
"Animalia","Arthropoda","Insecta","Hemiptera","Pleidae",NA,"Plea",2,NA,"x050724_att01_mzb2",6,"Plea minutissima"
"Animalia","Arthropoda","Insecta","Hemiptera","Pleidae",NA,"Plea",2,NA,"x050724_att03_mzb5",9,"Plea minutissima"
"Animalia","Arthropoda","Insecta","Hemiptera","Pleidae",NA,"Plea",2,NA,"x050724_att03_mzb6",116,"Plea minutissima"
"Animalia","Arthropoda","Insecta","Hemiptera","Pleidae",NA,"Plea",2,NA,"x040724_att05_mzb3",8,"Plea minutissima"
"Animalia","Arthropoda","Insecta","Hemiptera","Pleidae",NA,"Plea",2,NA,"x040724_att05_mzb4",10,"Plea minutissima"
"Animalia","Arthropoda","Insecta","Hemiptera","Pleidae",NA,"Plea",2,NA,"x040724_att06_mzb5",9,"Plea minutissima"
"Animalia","Arthropoda","Insecta","Hemiptera","Pleidae",NA,"Plea",2,NA,"x040724_att06_mzb6",3,"Plea minutissima"
"Animalia","Arthropoda","Insecta","Hemiptera","Pleidae",NA,"Plea",2,NA,"x050724_att08_mzb9",26,"Plea minutissima"
"Animalia","Arthropoda","Insecta","Hemiptera","Pleidae",NA,"Plea",2,NA,"x050724_att08_mzb10",68,"Plea minutissima"
"Animalia","Arthropoda","Insecta","Hemiptera","Pleidae",NA,"Plea",2,NA,"x100724_att10_mzb11",4,"Plea minutissima"
"Animalia","Arthropoda","Insecta","Hemiptera","Pleidae",NA,"Plea",2,NA,"x100724_att10_mzb12",8,"Plea minutissima"
"Animalia","Arthropoda","Insecta","Hemiptera","Pleidae",NA,"Plea",2,NA,"x100724_att12_mzb3",1,"Plea minutissima"
"Animalia","Arthropoda","Insecta","Hemiptera","Pleidae",NA,"Plea",2,NA,"x030724_att20_mzb5",1,"Plea minutissima"
"Animalia","Arthropoda","Insecta","Hemiptera","Pleidae",NA,"Plea",2,NA,"x030724_att20_mzb6",5,"Plea minutissima"
"Animalia","Arthropoda","Insecta","Hemiptera","Pleidae",NA,"Plea",2,NA,"x010724_att21_mzb8",1,"Plea minutissima"
"Animalia","Arthropoda","Insecta","Hemiptera","Nepidae",NA,"Ranatra",1,"water stick insect","x100724_att10_mzb11",1,"Ranatra linearis"
"Animalia","Arthropoda","Insecta","Hemiptera","Nepidae",NA,"Nepa",1,"water scorpion","x040724_att05_mzb4",1,"Nepa cinerea"
"Animalia","Arthropoda","Insecta","Hemiptera","Nepidae",NA,"Nepa",1,"water scorpion","x040724_att07_mzb2",1,"Nepa cinerea"
"Animalia","Arthropoda","Insecta","Hemiptera","Hydrometridae",NA,"Hydrometra",1,"water measurer","x050724_att01_mzb2",1,"Hydrometra"
"Animalia","Arthropoda","Insecta","Hemiptera","Hydrometridae",NA,"Hydrometra",1,"water measurer","x030724_att20_mzb5",2,"Hydrometra"
"Animalia","Arthropoda","Insecta","Hemiptera","Hydrometridae",NA,"Hydrometra",1,"water measurer","x030724_att20_mzb6",2,"Hydrometra"
"Animalia","Arthropoda","Insecta","Hemiptera","Gerridae",NA,NA,1,"pond skater","x030724_att20_mzb5",1,"Gerridae"
"Animalia","Arthropoda","Insecta","Hemiptera","Mesovellidae",NA,"Mesovelia",1,NA,"x030724_att20_mzb5",1,"Mesovelia furcata"
"Animalia+A42:AC42","Arthropoda","Insecta","Hemiptera","Naucoridae",NA,"Ilyocoris",1,NA,"x050724_att08_mzb10",1,"Ilyocoris cimicoides"
"Animalia+A42:AC42","Arthropoda","Insecta","Hemiptera","Naucoridae",NA,"Ilyocoris",1,NA,"x030724_att19_mzb4",1,"Ilyocoris cimicoides"
"Animalia","Arthropoda","Insecta","Hemiptera","Hebridae",NA,"Hebrus",1,NA,"x030724_att19_mzb4",1,"Hebrus ruficeps"
"Animalia","Arthropoda","Insecta","Megaloptera","Sialidae",NA,"Sialis",2,"alderfly larva","x050724_att01_mzb1",1,"Sialis lutaria"
"Animalia","Arthropoda","Insecta","Megaloptera","Sialidae",NA,"Sialis",2,"alderfly larva","x050724_att04_mzb7",1,"Sialis lutaria"
"Animalia","Arthropoda","Insecta","Megaloptera","Sialidae",NA,"Sialis",2,"alderfly larva","x040724_att05_mzb3",2,"Sialis lutaria"
"Animalia","Arthropoda","Insecta","Megaloptera","Sialidae",NA,"Sialis",2,"alderfly larva","x040724_att07_mzb1",7,"Sialis lutaria"
"Animalia","Arthropoda","Insecta","Megaloptera","Sialidae",NA,"Sialis",2,"alderfly larva","x040724_att07_mzb2",4,"Sialis lutaria"
"Animalia","Arthropoda","Insecta","Megaloptera","Sialidae",NA,"Sialis",2,"alderfly larva","x100724_att13_mzb1",1,"Sialis lutaria"
"Animalia","Arthropoda","Insecta","Megaloptera","Sialidae",NA,"Sialis",2,"alderfly larva","x100724_att13_mzb2",1,"Sialis lutaria"
"Animalia","Arthropoda","Insecta","Megaloptera","Sialidae",NA,"Sialis",2,"alderfly larva","x020724_att15_mzb2",1,"Sialis lutaria"
"Animalia","Arthropoda","Insecta","Megaloptera","Sialidae",NA,"Sialis",2,"alderfly larva","x030724_att19_mzb3",1,"Sialis lutaria"
"Animalia","Arthropoda","Insecta","Megaloptera","Sialidae",NA,"Sialis",2,"alderfly larva","x030724_att19_mzb4",2,"Sialis lutaria"
"Animalia","Arthropoda","Insecta","Megaloptera","Sialidae",NA,"Sialis",2,"alderfly larva","x030724_att20_mzb5",1,"Sialis lutaria"
"Animalia","Arthropoda","Insecta","Megaloptera","Sialidae",NA,"Sialis",2,"alderfly larva","x030724_att20_mzb6",2,"Sialis lutaria"
"Animalia","Arthropoda","Insecta","Megaloptera","Sialidae",NA,"Sialis",2,"alderfly larva","x010724_att23_mzb3",1,"Sialis lutaria"
"Animalia","Arthropoda","Insecta","Megaloptera","Sialidae",NA,"Sialis",2,"alderfly larva","x010724_att24_mzb5",2,"Sialis lutaria"
"Animalia","Arthropoda","Insecta","Megaloptera","Sialidae",NA,"Sialis",2,"alderfly larva","x010724_att24_mzb6",2,"Sialis lutaria"
"Animalia","Arthropoda","Insecta","Odonata","Aeshnidae",NA,"Aeshna",1,"brown hawker dragonfly","x010724_att24_mzb6",1,"Aeshna grandis"
"Animalia","Arthropoda","Insecta","Odonata","Aeshnidae",NA,"Aeshna",4,"common brown hawker","x100724_att09_mzb10",1,"Aeshna juncea"
"Animalia","Arthropoda","Insecta","Odonata","Aeshnidae",NA,"Aeshna",1,"southern hawker","x050724_att01_mzb1",1,"Aeshna cyanea"
"Animalia","Arthropoda","Insecta","Odonata","Aeshnidae",NA,"Aeshna",1,"southern hawker","x050724_att01_mzb2",3,"Aeshna cyanea"
"Animalia","Arthropoda","Insecta","Odonata","Aeshnidae",NA,"Aeshna",1,"southern hawker","x040724_att07_mzb2",1,"Aeshna cyanea"
"Animalia","Arthropoda","Insecta","Odonata","Aeshnidae",NA,"Aeshna",1,"southern hawker","x050724_att08_mzb10",2,"Aeshna cyanea"
"Animalia","Arthropoda","Insecta","Odonata","Aeshnidae",NA,"Aeshna",1,"southern hawker","x020724_att16_mzb4",1,"Aeshna cyanea"
"Animalia","Arthropoda","Insecta","Odonata","Aeshnidae",NA,"Aeshna",1,"southern hawker","x020724_att17_mzb5",1,"Aeshna cyanea"
"Animalia","Arthropoda","Insecta","Odonata","Aeshnidae",NA,"Aeshna",1,"southern hawker","x010724_att21_mzb8",1,"Aeshna cyanea"
"Animalia","Arthropoda","Insecta","Odonata","Aeshnidae",NA,"Aeshna",1,"migrant hawker","x100724_att10_mzb11",1,"Aeshna mixta"
"Animalia","Arthropoda","Insecta","Odonata","Aeshnidae",NA,"Anax",1,"emperor dragonfly","x030724_att20_mzb5",1,"Anax imperator"
"Animalia","Arthropoda","Insecta","Odonata","Coenagrionidae",NA,"Enallagma",1,"common blue damselfly","x100724_att10_mzb12",2,"Enallagma cyathigerum"
"Animalia","Arthropoda","Insecta","Odonata","Coenagrionidae",NA,"Enallagma",1,"common blue damselfly","x010724_att22_mzb2",1,"Enallagma cyathigerum"
"Animalia","Arthropoda","Insecta","Odonata","Coenagrionidae",NA,"Ischnura",1,"blue tailed damselfly","x050724_att01_mzb2",1,"Ischnura elegans"
"Animalia","Arthropoda","Insecta","Odonata","Coenagrionidae",NA,"Ischnura",1,"blue tailed damselfly","x050724_att03_mzb5",1,"Ischnura elegans"
"Animalia","Arthropoda","Insecta","Odonata","Coenagrionidae",NA,"Ischnura",1,"blue tailed damselfly","x040724_att05_mzb3",1,"Ischnura elegans"
"Animalia","Arthropoda","Insecta","Odonata","Coenagrionidae",NA,"Ischnura",1,"blue tailed damselfly","x040724_att06_mzb6",1,"Ischnura elegans"
"Animalia","Arthropoda","Insecta","Odonata","Coenagrionidae",NA,"Ischnura",1,"blue tailed damselfly","x050724_att08_mzb9",5,"Ischnura elegans"
"Animalia","Arthropoda","Insecta","Odonata","Coenagrionidae",NA,"Ischnura",1,"blue tailed damselfly","x050724_att08_mzb10",1,"Ischnura elegans"
"Animalia","Arthropoda","Insecta","Odonata","Coenagrionidae",NA,"Ischnura",1,"blue tailed damselfly","x100724_att09_mzb9",1,"Ischnura elegans"
"Animalia","Arthropoda","Insecta","Odonata","Coenagrionidae",NA,"Ischnura",1,"blue tailed damselfly","x100724_att10_mzb11",2,"Ischnura elegans"
"Animalia","Arthropoda","Insecta","Odonata","Coenagrionidae",NA,"Ischnura",1,"blue tailed damselfly","x100724_att10_mzb12",2,"Ischnura elegans"
"Animalia","Arthropoda","Insecta","Odonata","Coenagrionidae",NA,"Ischnura",1,"blue tailed damselfly","x020724_att15_mzb2",2,"Ischnura elegans"
"Animalia","Arthropoda","Insecta","Odonata","Coenagrionidae",NA,"Ischnura",1,"blue tailed damselfly","x020724_att16_mzb3",9,"Ischnura elegans"
"Animalia","Arthropoda","Insecta","Odonata","Coenagrionidae",NA,"Ischnura",1,"blue tailed damselfly","x020724_att17_mzb5",2,"Ischnura elegans"
"Animalia","Arthropoda","Insecta","Odonata","Coenagrionidae",NA,"Ischnura",1,"blue tailed damselfly","x030724_att20_mzb5",1,"Ischnura elegans"
"Animalia","Arthropoda","Insecta","Odonata","Coenagrionidae",NA,"Ischnura",1,"blue tailed damselfly","x010724_att23_mzb3",1,"Ischnura elegans"
"Animalia","Arthropoda","Insecta","Odonata","Coenagrionidae",NA,"Ischnura",1,"blue tailed damselfly","x010724_att24_mzb5",4,"Ischnura elegans"
"Animalia","Arthropoda","Insecta","Odonata","Coenagrionidae",NA,NA,1,"unknown damselfly nymph","x040724_att07_mzb2",1,"Coenagrionidae"
"Animalia","Arthropoda","Insecta","Odonata","Coenagrionidae",NA,NA,1,"unknown damselfly nymph","x050724_att08_mzb10",2,"Coenagrionidae"
"Animalia","Arthropoda","Insecta","Odonata","Coenagrionidae",NA,NA,1,"unknown damselfly nymph","x100724_att10_mzb12",6,"Coenagrionidae"
"Animalia","Arthropoda","Insecta","Odonata","Coenagrionidae",NA,NA,1,"unknown damselfly nymph","x020724_att16_mzb4",1,"Coenagrionidae"
"Animalia","Arthropoda","Insecta","Odonata","Coenagrionidae",NA,NA,1,"unknown damselfly nymph","x030724_att19_mzb4",1,"Coenagrionidae"
"Animalia","Arthropoda","Insecta","Odonata","Coenagrionidae",NA,NA,1,"unknown damselfly nymph","x010724_att21_mzb8",2,"Coenagrionidae"
"Animalia","Arthropoda","Insecta","Odonata","Coenagrionidae",NA,NA,1,"unknown damselfly nymph","x010724_att22_mzb2",1,"Coenagrionidae"
"Animalia","Arthropoda","Insecta","Odonata","Coenagrionidae",NA,NA,1,"unknown damselfly nymph","x010724_att24_mzb6",1,"Coenagrionidae"
"Animalia","Arthropoda","Insecta","Trichoptera","Leptoceridae",NA,NA,1,"caddis fly","x050724_att01_mzb1",12,"Leptoceridae"
"Animalia","Arthropoda","Insecta","Trichoptera","Leptoceridae",NA,NA,1,"caddis fly","x050724_att01_mzb2",3,"Leptoceridae"
"Animalia","Arthropoda","Insecta","Trichoptera","Leptoceridae",NA,NA,1,"caddis fly","x050724_att03_mzb6",3,"Leptoceridae"
"Animalia","Arthropoda","Insecta","Trichoptera","Leptoceridae",NA,NA,1,"caddis fly","x050724_att04_mzb7",8,"Leptoceridae"
"Animalia","Arthropoda","Insecta","Trichoptera","Leptoceridae",NA,NA,1,"caddis fly","x050724_att04_mzb8",1,"Leptoceridae"
"Animalia","Arthropoda","Insecta","Trichoptera","Leptoceridae",NA,NA,1,"caddis fly","x040724_att05_mzb3",1,"Leptoceridae"
"Animalia","Arthropoda","Insecta","Trichoptera","Leptoceridae",NA,NA,1,"caddis fly","x040724_att05_mzb4",5,"Leptoceridae"
"Animalia","Arthropoda","Insecta","Trichoptera","Leptoceridae",NA,NA,1,"caddis fly","x040724_att06_mzb5",6,"Leptoceridae"
"Animalia","Arthropoda","Insecta","Trichoptera","Leptoceridae",NA,NA,1,"caddis fly","x040724_att07_mzb1",3,"Leptoceridae"
"Animalia","Arthropoda","Insecta","Trichoptera","Leptoceridae",NA,NA,1,"caddis fly","x040724_att07_mzb2",5,"Leptoceridae"
"Animalia","Arthropoda","Insecta","Trichoptera","Leptoceridae",NA,NA,1,"caddis fly","x050724_att08_mzb9",2,"Leptoceridae"
"Animalia","Arthropoda","Insecta","Trichoptera","Leptoceridae",NA,NA,1,"caddis fly","x050724_att08_mzb10",1,"Leptoceridae"
"Animalia","Arthropoda","Insecta","Trichoptera","Leptoceridae",NA,NA,1,"caddis fly","x100724_att09_mzb9",2,"Leptoceridae"
"Animalia","Arthropoda","Insecta","Trichoptera","Leptoceridae",NA,NA,1,"caddis fly","x100724_att10_mzb11",6,"Leptoceridae"
"Animalia","Arthropoda","Insecta","Trichoptera","Leptoceridae",NA,NA,1,"caddis fly","x100724_att10_mzb12",4,"Leptoceridae"
"Animalia","Arthropoda","Insecta","Trichoptera","Leptoceridae",NA,NA,1,"caddis fly","x100724_att11_mzb7",3,"Leptoceridae"
"Animalia","Arthropoda","Insecta","Trichoptera","Leptoceridae",NA,NA,1,"caddis fly","x100724_att11_mzb8",1,"Leptoceridae"
"Animalia","Arthropoda","Insecta","Trichoptera","Leptoceridae",NA,NA,1,"caddis fly","x100724_att12_mzb3",12,"Leptoceridae"
"Animalia","Arthropoda","Insecta","Trichoptera","Leptoceridae",NA,NA,1,"caddis fly","x100724_att12_mzb4",3,"Leptoceridae"
"Animalia","Arthropoda","Insecta","Trichoptera","Leptoceridae",NA,NA,1,"caddis fly","x100724_att13_mzb1",1,"Leptoceridae"
"Animalia","Arthropoda","Insecta","Trichoptera","Leptoceridae",NA,NA,1,"caddis fly","x100724_att13_mzb2",7,"Leptoceridae"
"Animalia","Arthropoda","Insecta","Trichoptera","Leptoceridae",NA,NA,1,"caddis fly","x100724_att14_mzb5",4,"Leptoceridae"
"Animalia","Arthropoda","Insecta","Trichoptera","Leptoceridae",NA,NA,1,"caddis fly","x100724_att14_mzb6",3,"Leptoceridae"
"Animalia","Arthropoda","Insecta","Trichoptera","Leptoceridae",NA,NA,1,"caddis fly","x020724_att16_mzb3",6,"Leptoceridae"
"Animalia","Arthropoda","Insecta","Trichoptera","Leptoceridae",NA,NA,1,"caddis fly","x020724_att16_mzb4",2,"Leptoceridae"
"Animalia","Arthropoda","Insecta","Trichoptera","Leptoceridae",NA,NA,1,"caddis fly","x020724_att17_mzb5",1,"Leptoceridae"
"Animalia","Arthropoda","Insecta","Trichoptera","Leptoceridae",NA,NA,1,"caddis fly","x020724_att17_mzb6",1,"Leptoceridae"
"Animalia","Arthropoda","Insecta","Trichoptera","Leptoceridae",NA,NA,1,"caddis fly","x030724_att18_mzb1",29,"Leptoceridae"
"Animalia","Arthropoda","Insecta","Trichoptera","Leptoceridae",NA,NA,1,"caddis fly","x030724_att18_mzb2",13,"Leptoceridae"
"Animalia","Arthropoda","Insecta","Trichoptera","Leptoceridae",NA,NA,1,"caddis fly","x030724_att19_mzb3",2,"Leptoceridae"
"Animalia","Arthropoda","Insecta","Trichoptera","Leptoceridae",NA,NA,1,"caddis fly","x030724_att19_mzb4",1,"Leptoceridae"
"Animalia","Arthropoda","Insecta","Trichoptera","Leptoceridae",NA,NA,1,"caddis fly","x030724_att20_mzb5",5,"Leptoceridae"
"Animalia","Arthropoda","Insecta","Trichoptera","Leptoceridae",NA,NA,1,"caddis fly","x010724_att21_mzb7",1,"Leptoceridae"
"Animalia","Arthropoda","Insecta","Trichoptera","Leptoceridae",NA,NA,1,"caddis fly","x010724_att21_mzb8",1,"Leptoceridae"
"Animalia","Arthropoda","Insecta","Trichoptera","Leptoceridae",NA,NA,1,"caddis fly","x010724_att22_mzb1",1,"Leptoceridae"
"Animalia","Arthropoda","Insecta","Trichoptera","Leptoceridae",NA,NA,1,"caddis fly","x010724_att22_mzb2",3,"Leptoceridae"
"Animalia","Arthropoda","Insecta","Trichoptera","Leptoceridae",NA,NA,1,"caddis fly","x010724_att23_mzb3",4,"Leptoceridae"
"Animalia","Arthropoda","Insecta","Trichoptera","Leptoceridae",NA,NA,1,"caddis fly","x010724_att23_mzb4",2,"Leptoceridae"
"Animalia","Arthropoda","Insecta","Trichoptera","Leptoceridae",NA,NA,1,"caddis fly","x010724_att24_mzb5",4,"Leptoceridae"
"Animalia","Arthropoda","Insecta","Trichoptera","Leptoceridae",NA,NA,1,"caddis fly","x010724_att24_mzb6",10,"Leptoceridae"
"Animalia","Arthropoda","Insecta","Trichoptera","Limnephilidae",NA,NA,1,"caddis fly","x050724_att02_mzb4",1,"Limnephilidae"
"Animalia","Arthropoda","Insecta","Trichoptera","Limnephilidae",NA,NA,1,"caddis fly","x040724_att07_mzb1",3,"Limnephilidae"
"Animalia","Arthropoda","Insecta","Trichoptera","Limnephilidae",NA,NA,1,"caddis fly","x040724_att07_mzb2",1,"Limnephilidae"
"Animalia","Arthropoda","Insecta","Trichoptera","Limnephilidae",NA,NA,1,"caddis fly","x100724_att13_mzb2",1,"Limnephilidae"
"Animalia","Arthropoda","Insecta","Trichoptera","Limnephilidae",NA,NA,1,"caddis fly","x100724_att14_mzb5",1,"Limnephilidae"
"Animalia","Arthropoda","Insecta","Trichoptera","Limnephilidae",NA,NA,1,"caddis fly","x030724_att18_mzb2",2,"Limnephilidae"
"Animalia","Arthropoda","Insecta","Trichoptera","Limnephilidae",NA,NA,1,"caddis fly","x030724_att19_mzb4",1,"Limnephilidae"
"Animalia","Arthropoda","Insecta","Trichoptera","Molannidae",NA,"Molanna",1,"caddis fly","x050724_att04_mzb7",1,"Molanna angustata"
"Animalia","Arthropoda","Insecta","Trichoptera","Molannidae",NA,"Molanna",1,"caddis fly","x050724_att04_mzb8",2,"Molanna angustata"
"Animalia","Arthropoda","Insecta","Trichoptera","Molannidae",NA,"Molanna",1,"caddis fly","x040724_att07_mzb1",3,"Molanna angustata"
"Animalia","Arthropoda","Insecta","Trichoptera","Molannidae",NA,"Molanna",1,"caddis fly","x040724_att07_mzb2",2,"Molanna angustata"
"Animalia","Arthropoda","Insecta","Trichoptera","Molannidae",NA,"Molanna",1,"caddis fly","x100724_att10_mzb11",1,"Molanna angustata"
"Animalia","Arthropoda","Insecta","Trichoptera","Molannidae",NA,"Molanna",1,"caddis fly","x100724_att13_mzb1",2,"Molanna angustata"
"Animalia","Arthropoda","Insecta","Trichoptera","Molannidae",NA,"Molanna",1,"caddis fly","x100724_att13_mzb2",2,"Molanna angustata"
"Animalia","Arthropoda","Insecta","Trichoptera","Molannidae",NA,"Molanna",1,"caddis fly","x030724_att18_mzb1",3,"Molanna angustata"
"Animalia","Arthropoda","Insecta","Trichoptera","Molannidae",NA,"Molanna",1,"caddis fly","x030724_att18_mzb2",2,"Molanna angustata"
"Animalia","Arthropoda","Insecta","Trichoptera","Molannidae",NA,"Molanna",1,"caddis fly","x030724_att19_mzb4",1,"Molanna angustata"
"Animalia","Arthropoda","Insecta","Trichoptera","Molannidae",NA,"Molanna",1,"caddis fly","x010724_att23_mzb3",1,"Molanna angustata"
"Animalia","Arthropoda","Insecta","Trichoptera","Molannidae",NA,"Molanna",1,"caddis fly","x010724_att24_mzb5",1,"Molanna angustata"
"Animalia","Arthropoda","Insecta","Trichoptera","Molannidae",NA,"Molanna",1,"caddis fly","x010724_att24_mzb6",3,"Molanna angustata"
"Animalia","Arthropoda","Malacostraca","Decapoda","Cambaridae",NA,"Faxonius",1,"spiny cheek crayfish","x020724_att16_mzb3",1,"Faxonius limosus"
"Animalia","Arthropoda","Malacostraca","Decapoda","Cambaridae",NA,"Faxonius",1,"spiny cheek crayfish","x020724_att17_mzb6",1,"Faxonius limosus"
"Animalia","Arthropoda","Malacostraca","Amphipoda","Crangonyctidae",NA,"Crangonyx",1,"freshwater shrimp","x050724_att01_mzb1",143,"Crangonyx floridanus"
"Animalia","Arthropoda","Malacostraca","Amphipoda","Crangonyctidae",NA,"Crangonyx",1,"freshwater shrimp","x050724_att01_mzb2",76,"Crangonyx floridanus"
"Animalia","Arthropoda","Malacostraca","Amphipoda","Crangonyctidae",NA,"Crangonyx",1,"freshwater shrimp","x050724_att02_mzb3",50,"Crangonyx floridanus"
"Animalia","Arthropoda","Malacostraca","Amphipoda","Crangonyctidae",NA,"Crangonyx",1,"freshwater shrimp","x050724_att02_mzb4",38,"Crangonyx floridanus"
"Animalia","Arthropoda","Malacostraca","Amphipoda","Crangonyctidae",NA,"Crangonyx",1,"freshwater shrimp","x050724_att03_mzb5",113,"Crangonyx floridanus"
"Animalia","Arthropoda","Malacostraca","Amphipoda","Crangonyctidae",NA,"Crangonyx",1,"freshwater shrimp","x050724_att03_mzb6",64,"Crangonyx floridanus"
"Animalia","Arthropoda","Malacostraca","Amphipoda","Crangonyctidae",NA,"Crangonyx",1,"freshwater shrimp","x050724_att04_mzb7",46,"Crangonyx floridanus"
"Animalia","Arthropoda","Malacostraca","Amphipoda","Crangonyctidae",NA,"Crangonyx",1,"freshwater shrimp","x050724_att04_mzb8",81,"Crangonyx floridanus"
"Animalia","Arthropoda","Malacostraca","Amphipoda","Crangonyctidae",NA,"Crangonyx",1,"freshwater shrimp","x040724_att05_mzb3",9,"Crangonyx floridanus"
"Animalia","Arthropoda","Malacostraca","Amphipoda","Crangonyctidae",NA,"Crangonyx",1,"freshwater shrimp","x040724_att05_mzb4",8,"Crangonyx floridanus"
"Animalia","Arthropoda","Malacostraca","Amphipoda","Crangonyctidae",NA,"Crangonyx",1,"freshwater shrimp","x040724_att06_mzb5",4,"Crangonyx floridanus"
"Animalia","Arthropoda","Malacostraca","Amphipoda","Crangonyctidae",NA,"Crangonyx",1,"freshwater shrimp","x040724_att06_mzb6",22,"Crangonyx floridanus"
"Animalia","Arthropoda","Malacostraca","Amphipoda","Crangonyctidae",NA,"Crangonyx",1,"freshwater shrimp","x040724_att07_mzb1",40,"Crangonyx floridanus"
"Animalia","Arthropoda","Malacostraca","Amphipoda","Crangonyctidae",NA,"Crangonyx",1,"freshwater shrimp","x040724_att07_mzb2",32,"Crangonyx floridanus"
"Animalia","Arthropoda","Malacostraca","Amphipoda","Crangonyctidae",NA,"Crangonyx",1,"freshwater shrimp","x050724_att08_mzb9",56,"Crangonyx floridanus"
"Animalia","Arthropoda","Malacostraca","Amphipoda","Crangonyctidae",NA,"Crangonyx",1,"freshwater shrimp","x050724_att08_mzb10",37,"Crangonyx floridanus"
"Animalia","Arthropoda","Malacostraca","Amphipoda","Crangonyctidae",NA,"Crangonyx",1,"freshwater shrimp","x100724_att09_mzb9",16,"Crangonyx floridanus"
"Animalia","Arthropoda","Malacostraca","Amphipoda","Crangonyctidae",NA,"Crangonyx",1,"freshwater shrimp","x100724_att09_mzb10",5,"Crangonyx floridanus"
"Animalia","Arthropoda","Malacostraca","Amphipoda","Crangonyctidae",NA,"Crangonyx",1,"freshwater shrimp","x100724_att10_mzb11",54,"Crangonyx floridanus"
"Animalia","Arthropoda","Malacostraca","Amphipoda","Crangonyctidae",NA,"Crangonyx",1,"freshwater shrimp","x100724_att10_mzb12",57,"Crangonyx floridanus"
"Animalia","Arthropoda","Malacostraca","Amphipoda","Crangonyctidae",NA,"Crangonyx",1,"freshwater shrimp","x100724_att11_mzb7",11,"Crangonyx floridanus"
"Animalia","Arthropoda","Malacostraca","Amphipoda","Crangonyctidae",NA,"Crangonyx",1,"freshwater shrimp","x100724_att11_mzb8",3,"Crangonyx floridanus"
"Animalia","Arthropoda","Malacostraca","Amphipoda","Crangonyctidae",NA,"Crangonyx",1,"freshwater shrimp","x100724_att12_mzb3",2,"Crangonyx floridanus"
"Animalia","Arthropoda","Malacostraca","Amphipoda","Crangonyctidae",NA,"Crangonyx",1,"freshwater shrimp","x100724_att12_mzb4",1,"Crangonyx floridanus"
"Animalia","Arthropoda","Malacostraca","Amphipoda","Crangonyctidae",NA,"Crangonyx",1,"freshwater shrimp","x100724_att13_mzb1",32,"Crangonyx floridanus"
"Animalia","Arthropoda","Malacostraca","Amphipoda","Crangonyctidae",NA,"Crangonyx",1,"freshwater shrimp","x100724_att13_mzb2",14,"Crangonyx floridanus"
"Animalia","Arthropoda","Malacostraca","Amphipoda","Crangonyctidae",NA,"Crangonyx",1,"freshwater shrimp","x100724_att14_mzb5",7,"Crangonyx floridanus"
"Animalia","Arthropoda","Malacostraca","Amphipoda","Crangonyctidae",NA,"Crangonyx",1,"freshwater shrimp","x100724_att14_mzb6",8,"Crangonyx floridanus"
"Animalia","Arthropoda","Malacostraca","Amphipoda","Crangonyctidae",NA,"Crangonyx",1,"freshwater shrimp","x020724_att15_mzb1",14,"Crangonyx floridanus"
"Animalia","Arthropoda","Malacostraca","Amphipoda","Crangonyctidae",NA,"Crangonyx",1,"freshwater shrimp","x020724_att15_mzb2",57,"Crangonyx floridanus"
"Animalia","Arthropoda","Malacostraca","Amphipoda","Crangonyctidae",NA,"Crangonyx",1,"freshwater shrimp","x020724_att16_mzb3",38,"Crangonyx floridanus"
"Animalia","Arthropoda","Malacostraca","Amphipoda","Crangonyctidae",NA,"Crangonyx",1,"freshwater shrimp","x020724_att16_mzb4",29,"Crangonyx floridanus"
"Animalia","Arthropoda","Malacostraca","Amphipoda","Crangonyctidae",NA,"Crangonyx",1,"freshwater shrimp","x020724_att17_mzb5",156,"Crangonyx floridanus"
"Animalia","Arthropoda","Malacostraca","Amphipoda","Crangonyctidae",NA,"Crangonyx",1,"freshwater shrimp","x020724_att17_mzb6",135,"Crangonyx floridanus"
"Animalia","Arthropoda","Malacostraca","Amphipoda","Crangonyctidae",NA,"Crangonyx",1,"freshwater shrimp","x030724_att18_mzb1",76,"Crangonyx floridanus"
"Animalia","Arthropoda","Malacostraca","Amphipoda","Crangonyctidae",NA,"Crangonyx",1,"freshwater shrimp","x030724_att18_mzb2",13,"Crangonyx floridanus"
"Animalia","Arthropoda","Malacostraca","Amphipoda","Crangonyctidae",NA,"Crangonyx",1,"freshwater shrimp","x030724_att19_mzb3",117,"Crangonyx floridanus"
"Animalia","Arthropoda","Malacostraca","Amphipoda","Crangonyctidae",NA,"Crangonyx",1,"freshwater shrimp","x030724_att19_mzb4",52,"Crangonyx floridanus"
"Animalia","Arthropoda","Malacostraca","Amphipoda","Crangonyctidae",NA,"Crangonyx",1,"freshwater shrimp","x030724_att20_mzb5",76,"Crangonyx floridanus"
"Animalia","Arthropoda","Malacostraca","Amphipoda","Crangonyctidae",NA,"Crangonyx",1,"freshwater shrimp","x030724_att20_mzb6",92,"Crangonyx floridanus"
"Animalia","Arthropoda","Malacostraca","Amphipoda","Crangonyctidae",NA,"Crangonyx",1,"freshwater shrimp","x010724_att21_mzb8",2,"Crangonyx floridanus"
"Animalia","Arthropoda","Malacostraca","Amphipoda","Crangonyctidae",NA,"Crangonyx",1,"freshwater shrimp","x010724_att22_mzb1",76,"Crangonyx floridanus"
"Animalia","Arthropoda","Malacostraca","Amphipoda","Crangonyctidae",NA,"Crangonyx",1,"freshwater shrimp","x010724_att22_mzb2",57,"Crangonyx floridanus"
"Animalia","Arthropoda","Malacostraca","Amphipoda","Crangonyctidae",NA,"Crangonyx",1,"freshwater shrimp","x010724_att23_mzb3",32,"Crangonyx floridanus"
"Animalia","Arthropoda","Malacostraca","Amphipoda","Crangonyctidae",NA,"Crangonyx",1,"freshwater shrimp","x010724_att23_mzb4",29,"Crangonyx floridanus"
"Animalia","Arthropoda","Malacostraca","Amphipoda","Crangonyctidae",NA,"Crangonyx",1,"freshwater shrimp","x010724_att24_mzb5",56,"Crangonyx floridanus"
"Animalia","Arthropoda","Malacostraca","Amphipoda","Crangonyctidae",NA,"Crangonyx",1,"freshwater shrimp","x010724_att24_mzb6",12,"Crangonyx floridanus"
"Animalia","Arthropoda","Malacostraca","Amphipoda","Gammaridae",NA,"Dikerogammarus",1,"killer shrimp","x050724_att03_mzb6",2,"Dikerogammarus villosus"
"Animalia","Arthropoda","Malacostraca","Amphipoda","Gammaridae",NA,"Dikerogammarus",1,"killer shrimp","x050724_att04_mzb7",10,"Dikerogammarus villosus"
"Animalia","Arthropoda","Malacostraca","Amphipoda","Gammaridae",NA,"Dikerogammarus",1,"killer shrimp","x040724_att07_mzb1",2,"Dikerogammarus villosus"
"Animalia","Arthropoda","Malacostraca","Amphipoda","Gammaridae",NA,"Dikerogammarus",1,"killer shrimp","x040724_att07_mzb2",1,"Dikerogammarus villosus"
"Animalia","Arthropoda","Malacostraca","Amphipoda","Gammaridae",NA,"Dikerogammarus",1,"killer shrimp","x050724_att08_mzb10",1,"Dikerogammarus villosus"
"Animalia","Arthropoda","Malacostraca","Amphipoda","Gammaridae",NA,"Dikerogammarus",1,"killer shrimp","x100724_att13_mzb1",2,"Dikerogammarus villosus"
"Animalia","Arthropoda","Malacostraca","Amphipoda","Gammaridae",NA,"Dikerogammarus",1,"killer shrimp","x020724_att16_mzb3",20,"Dikerogammarus villosus"
"Animalia","Arthropoda","Malacostraca","Amphipoda","Gammaridae",NA,"Dikerogammarus",1,"killer shrimp","x020724_att16_mzb4",25,"Dikerogammarus villosus"
"Animalia","Arthropoda","Malacostraca","Amphipoda","Gammaridae",NA,"Dikerogammarus",1,"killer shrimp","x020724_att17_mzb5",1,"Dikerogammarus villosus"
"Animalia","Arthropoda","Malacostraca","Amphipoda","Gammaridae",NA,"Dikerogammarus",1,"killer shrimp","x010724_att21_mzb7",3,"Dikerogammarus villosus"
"Animalia","Arthropoda","Malacostraca","Amphipoda","Gammaridae",NA,"Dikerogammarus",1,"killer shrimp","x010724_att21_mzb8",1,"Dikerogammarus villosus"
"Animalia","Arthropoda","Malacostraca","Amphipoda","Gammaridae",NA,"Dikerogammarus",1,"killer shrimp","x010724_att22_mzb2",4,"Dikerogammarus villosus"
"Animalia","Arthropoda","Malacostraca","Amphipoda","Gammaridae",NA,"Dikerogammarus",1,"killer shrimp","x010724_att24_mzb5",4,"Dikerogammarus villosus"
"Animalia","Arthropoda","Malacostraca","Amphipoda","Gammaridae",NA,"Dikerogammarus",1,"killer shrimp","x010724_att24_mzb6",12,"Dikerogammarus villosus"
"Animalia","Arthropoda","Malacostraca","Isopoda","Asellidae",NA,"Asellus",4,"hoglouse","x050724_att01_mzb1",95,"Asellus aquaticus"
"Animalia","Arthropoda","Malacostraca","Isopoda","Asellidae",NA,"Asellus",4,"hoglouse","x050724_att01_mzb2",45,"Asellus aquaticus"
"Animalia","Arthropoda","Malacostraca","Isopoda","Asellidae",NA,"Asellus",4,"hoglouse","x050724_att02_mzb3",18,"Asellus aquaticus"
"Animalia","Arthropoda","Malacostraca","Isopoda","Asellidae",NA,"Asellus",4,"hoglouse","x050724_att02_mzb4",10,"Asellus aquaticus"
"Animalia","Arthropoda","Malacostraca","Isopoda","Asellidae",NA,"Asellus",4,"hoglouse","x050724_att03_mzb5",80,"Asellus aquaticus"
"Animalia","Arthropoda","Malacostraca","Isopoda","Asellidae",NA,"Asellus",4,"hoglouse","x050724_att03_mzb6",100,"Asellus aquaticus"
"Animalia","Arthropoda","Malacostraca","Isopoda","Asellidae",NA,"Asellus",4,"hoglouse","x050724_att04_mzb7",22,"Asellus aquaticus"
"Animalia","Arthropoda","Malacostraca","Isopoda","Asellidae",NA,"Asellus",4,"hoglouse","x050724_att04_mzb8",60,"Asellus aquaticus"
"Animalia","Arthropoda","Malacostraca","Isopoda","Asellidae",NA,"Asellus",4,"hoglouse","x040724_att05_mzb4",26,"Asellus aquaticus"
"Animalia","Arthropoda","Malacostraca","Isopoda","Asellidae",NA,"Asellus",4,"hoglouse","x040724_att06_mzb5",10,"Asellus aquaticus"
"Animalia","Arthropoda","Malacostraca","Isopoda","Asellidae",NA,"Asellus",4,"hoglouse","x040724_att06_mzb6",31,"Asellus aquaticus"
"Animalia","Arthropoda","Malacostraca","Isopoda","Asellidae",NA,"Asellus",4,"hoglouse","x040724_att07_mzb1",17,"Asellus aquaticus"
"Animalia","Arthropoda","Malacostraca","Isopoda","Asellidae",NA,"Asellus",4,"hoglouse","x040724_att07_mzb2",16,"Asellus aquaticus"
"Animalia","Arthropoda","Malacostraca","Isopoda","Asellidae",NA,"Asellus",4,"hoglouse","x050724_att08_mzb9",52,"Asellus aquaticus"
"Animalia","Arthropoda","Malacostraca","Isopoda","Asellidae",NA,"Asellus",4,"hoglouse","x050724_att08_mzb10",104,"Asellus aquaticus"
"Animalia","Arthropoda","Malacostraca","Isopoda","Asellidae",NA,"Asellus",4,"hoglouse","x100724_att09_mzb9",43,"Asellus aquaticus"
"Animalia","Arthropoda","Malacostraca","Isopoda","Asellidae",NA,"Asellus",4,"hoglouse","x100724_att09_mzb10",51,"Asellus aquaticus"
"Animalia","Arthropoda","Malacostraca","Isopoda","Asellidae",NA,"Asellus",4,"hoglouse","x100724_att10_mzb11",67,"Asellus aquaticus"
"Animalia","Arthropoda","Malacostraca","Isopoda","Asellidae",NA,"Asellus",4,"hoglouse","x100724_att10_mzb12",53,"Asellus aquaticus"
"Animalia","Arthropoda","Malacostraca","Isopoda","Asellidae",NA,"Asellus",4,"hoglouse","x100724_att11_mzb7",1,"Asellus aquaticus"
"Animalia","Arthropoda","Malacostraca","Isopoda","Asellidae",NA,"Asellus",4,"hoglouse","x100724_att11_mzb8",1,"Asellus aquaticus"
"Animalia","Arthropoda","Malacostraca","Isopoda","Asellidae",NA,"Asellus",4,"hoglouse","x100724_att12_mzb4",1,"Asellus aquaticus"
"Animalia","Arthropoda","Malacostraca","Isopoda","Asellidae",NA,"Asellus",4,"hoglouse","x100724_att13_mzb1",15,"Asellus aquaticus"
"Animalia","Arthropoda","Malacostraca","Isopoda","Asellidae",NA,"Asellus",4,"hoglouse","x100724_att13_mzb2",4,"Asellus aquaticus"
"Animalia","Arthropoda","Malacostraca","Isopoda","Asellidae",NA,"Asellus",4,"hoglouse","x020724_att15_mzb1",11,"Asellus aquaticus"
"Animalia","Arthropoda","Malacostraca","Isopoda","Asellidae",NA,"Asellus",4,"hoglouse","x020724_att15_mzb2",25,"Asellus aquaticus"
"Animalia","Arthropoda","Malacostraca","Isopoda","Asellidae",NA,"Asellus",4,"hoglouse","x020724_att16_mzb3",14,"Asellus aquaticus"
"Animalia","Arthropoda","Malacostraca","Isopoda","Asellidae",NA,"Asellus",4,"hoglouse","x020724_att16_mzb4",2,"Asellus aquaticus"
"Animalia","Arthropoda","Malacostraca","Isopoda","Asellidae",NA,"Asellus",4,"hoglouse","x020724_att17_mzb5",162,"Asellus aquaticus"
"Animalia","Arthropoda","Malacostraca","Isopoda","Asellidae",NA,"Asellus",4,"hoglouse","x020724_att17_mzb6",90,"Asellus aquaticus"
"Animalia","Arthropoda","Malacostraca","Isopoda","Asellidae",NA,"Asellus",4,"hoglouse","x030724_att18_mzb1",13,"Asellus aquaticus"
"Animalia","Arthropoda","Malacostraca","Isopoda","Asellidae",NA,"Asellus",4,"hoglouse","x030724_att18_mzb2",11,"Asellus aquaticus"
"Animalia","Arthropoda","Malacostraca","Isopoda","Asellidae",NA,"Asellus",4,"hoglouse","x030724_att19_mzb3",54,"Asellus aquaticus"
"Animalia","Arthropoda","Malacostraca","Isopoda","Asellidae",NA,"Asellus",4,"hoglouse","x030724_att19_mzb4",28,"Asellus aquaticus"
"Animalia","Arthropoda","Malacostraca","Isopoda","Asellidae",NA,"Asellus",4,"hoglouse","x030724_att20_mzb5",20,"Asellus aquaticus"
"Animalia","Arthropoda","Malacostraca","Isopoda","Asellidae",NA,"Asellus",4,"hoglouse","x030724_att20_mzb6",13,"Asellus aquaticus"
"Animalia","Arthropoda","Malacostraca","Isopoda","Asellidae",NA,"Asellus",4,"hoglouse","x010724_att21_mzb7",1,"Asellus aquaticus"
"Animalia","Arthropoda","Malacostraca","Isopoda","Asellidae",NA,"Asellus",4,"hoglouse","x010724_att21_mzb8",14,"Asellus aquaticus"
"Animalia","Arthropoda","Malacostraca","Isopoda","Asellidae",NA,"Asellus",4,"hoglouse","x010724_att22_mzb1",44,"Asellus aquaticus"
"Animalia","Arthropoda","Malacostraca","Isopoda","Asellidae",NA,"Asellus",4,"hoglouse","x010724_att22_mzb2",49,"Asellus aquaticus"
"Animalia","Arthropoda","Malacostraca","Isopoda","Asellidae",NA,"Asellus",4,"hoglouse","x010724_att23_mzb3",93,"Asellus aquaticus"
"Animalia","Arthropoda","Malacostraca","Isopoda","Asellidae",NA,"Asellus",4,"hoglouse","x010724_att23_mzb4",126,"Asellus aquaticus"
"Animalia","Arthropoda","Malacostraca","Isopoda","Asellidae",NA,"Asellus",4,"hoglouse","x010724_att24_mzb5",68,"Asellus aquaticus"
"Animalia","Arthropoda","Malacostraca","Isopoda","Asellidae",NA,"Asellus",4,"hoglouse","x010724_att24_mzb6",9,"Asellus aquaticus"
"Animalia","Arthropoda","Malacostraca","Mysida","Mysidae",NA,"Hemimysis",1,"bloody red shrimp","x050724_att01_mzb1",119,"Hemimysis anomala"
"Animalia","Arthropoda","Malacostraca","Mysida","Mysidae",NA,"Hemimysis",1,"bloody red shrimp","x050724_att01_mzb2",17,"Hemimysis anomala"
"Animalia","Arthropoda","Malacostraca","Mysida","Mysidae",NA,"Hemimysis",1,"bloody red shrimp","x050724_att04_mzb7",121,"Hemimysis anomala"
"Animalia","Arthropoda","Malacostraca","Mysida","Mysidae",NA,"Hemimysis",1,"bloody red shrimp","x050724_att04_mzb8",93,"Hemimysis anomala"
"Animalia","Arthropoda","Malacostraca","Mysida","Mysidae",NA,"Hemimysis",1,"bloody red shrimp","x040724_att06_mzb5",180,"Hemimysis anomala"
"Animalia","Arthropoda","Malacostraca","Mysida","Mysidae",NA,"Hemimysis",1,"bloody red shrimp","x040724_att06_mzb6",600,"Hemimysis anomala"
"Animalia","Arthropoda","Malacostraca","Mysida","Mysidae",NA,"Hemimysis",1,"bloody red shrimp","x050724_att08_mzb9",142,"Hemimysis anomala"
"Animalia","Arthropoda","Malacostraca","Mysida","Mysidae",NA,"Hemimysis",1,"bloody red shrimp","x050724_att08_mzb10",13,"Hemimysis anomala"
"Animalia","Arthropoda","Malacostraca","Mysida","Mysidae",NA,"Hemimysis",1,"bloody red shrimp","x100724_att09_mzb9",149,"Hemimysis anomala"
"Animalia","Arthropoda","Malacostraca","Mysida","Mysidae",NA,"Hemimysis",1,"bloody red shrimp","x100724_att09_mzb10",29,"Hemimysis anomala"
"Animalia","Arthropoda","Malacostraca","Mysida","Mysidae",NA,"Hemimysis",1,"bloody red shrimp","x100724_att10_mzb11",77,"Hemimysis anomala"
"Animalia","Arthropoda","Malacostraca","Mysida","Mysidae",NA,"Hemimysis",1,"bloody red shrimp","x100724_att10_mzb12",45,"Hemimysis anomala"
"Animalia","Arthropoda","Malacostraca","Mysida","Mysidae",NA,"Hemimysis",1,"bloody red shrimp","x020724_att16_mzb3",600,"Hemimysis anomala"
"Animalia","Arthropoda","Malacostraca","Mysida","Mysidae",NA,"Hemimysis",1,"bloody red shrimp","x020724_att16_mzb4",200,"Hemimysis anomala"
"Animalia","Arthropoda","Malacostraca","Mysida","Mysidae",NA,"Hemimysis",1,"bloody red shrimp","x010724_att23_mzb3",56,"Hemimysis anomala"
"Animalia","Arthropoda","Malacostraca","Mysida","Mysidae",NA,"Hemimysis",1,"bloody red shrimp","x010724_att23_mzb4",12,"Hemimysis anomala"
"Animalia","Arthropoda","Malacostraca","Mysida","Mysidae",NA,"Hemimysis",1,"bloody red shrimp","x010724_att24_mzb6",1,"Hemimysis anomala"
"Animalia","Arthropoda","Ostracoda","Podocopida","Cyprididae",NA,NA,1,"ostracods","x050724_att01_mzb1",2,"Cyprididae"
"Animalia","Arthropoda","Ostracoda","Podocopida","Cyprididae",NA,NA,1,"ostracods","x040724_att05_mzb3",6,"Cyprididae"
"Animalia","Arthropoda","Ostracoda","Podocopida","Cyprididae",NA,NA,1,"ostracods","x040724_att05_mzb4",3,"Cyprididae"
"Animalia","Arthropoda","Ostracoda","Podocopida","Cyprididae",NA,NA,1,"ostracods","x040724_att06_mzb5",9,"Cyprididae"
"Animalia","Arthropoda","Ostracoda","Podocopida","Cyprididae",NA,NA,1,"ostracods","x050724_att08_mzb9",1,"Cyprididae"
"Animalia","Arthropoda","Ostracoda","Podocopida","Cyprididae",NA,NA,1,"ostracods","x050724_att08_mzb10",1,"Cyprididae"
"Animalia","Arthropoda","Ostracoda","Podocopida","Cyprididae",NA,NA,1,"ostracods","x100724_att10_mzb11",1,"Cyprididae"
"Animalia","Arthropoda","Ostracoda","Podocopida","Cyprididae",NA,NA,1,"ostracods","x100724_att10_mzb12",2,"Cyprididae"
"Animalia","Arthropoda","Ostracoda","Podocopida","Cyprididae",NA,NA,1,"ostracods","x100724_att11_mzb7",1,"Cyprididae"
"Animalia","Arthropoda","Ostracoda","Podocopida","Cyprididae",NA,NA,1,"ostracods","x100724_att12_mzb3",4,"Cyprididae"
"Animalia","Arthropoda","Ostracoda","Podocopida","Cyprididae",NA,NA,1,"ostracods","x020724_att16_mzb3",15,"Cyprididae"
"Animalia","Arthropoda","Ostracoda","Podocopida","Cyprididae",NA,NA,1,"ostracods","x020724_att16_mzb4",32,"Cyprididae"
"Animalia","Arthropoda","Ostracoda","Podocopida","Cyprididae",NA,NA,1,"ostracods","x020724_att17_mzb5",1,"Cyprididae"
"Animalia","Arthropoda","Ostracoda","Podocopida","Cyprididae",NA,NA,1,"ostracods","x020724_att17_mzb6",2,"Cyprididae"
"Animalia","Arthropoda","Ostracoda","Podocopida","Cyprididae",NA,NA,1,"ostracods","x030724_att20_mzb5",5,"Cyprididae"
"Animalia","Arthropoda","Ostracoda","Podocopida","Cyprididae",NA,NA,1,"ostracods","x010724_att21_mzb8",1,"Cyprididae"
"Animalia","Arthropoda","Ostracoda","Podocopida","Cyprididae",NA,NA,1,"ostracods","x010724_att23_mzb3",14,"Cyprididae"
"Animalia","Arthropoda","Ostracoda","Podocopida","Cyprididae",NA,NA,1,"ostracods","x010724_att23_mzb4",14,"Cyprididae"
"Animalia","Arthropoda","Ostracoda","Podocopida","Cyprididae",NA,NA,1,"ostracods","x010724_att24_mzb5",3,"Cyprididae"
"Animalia","Mollusca","Bivalvia","Myida","Dreissenidae",NA,"Dreissena",1,"zebra mussel","x050724_att01_mzb1",5,"Dreissena polymorpha"
"Animalia","Mollusca","Bivalvia","Myida","Dreissenidae",NA,"Dreissena",1,"zebra mussel","x050724_att01_mzb2",1,"Dreissena polymorpha"
"Animalia","Mollusca","Bivalvia","Myida","Dreissenidae",NA,"Dreissena",1,"zebra mussel","x050724_att03_mzb5",1,"Dreissena polymorpha"
"Animalia","Mollusca","Bivalvia","Myida","Dreissenidae",NA,"Dreissena",1,"zebra mussel","x050724_att03_mzb6",4,"Dreissena polymorpha"
"Animalia","Mollusca","Bivalvia","Myida","Dreissenidae",NA,"Dreissena",1,"zebra mussel","x050724_att04_mzb7",4,"Dreissena polymorpha"
"Animalia","Mollusca","Bivalvia","Myida","Dreissenidae",NA,"Dreissena",1,"zebra mussel","x050724_att04_mzb8",1,"Dreissena polymorpha"
"Animalia","Mollusca","Bivalvia","Myida","Dreissenidae",NA,"Dreissena",1,"zebra mussel","x100724_att09_mzb9",2,"Dreissena polymorpha"
"Animalia","Mollusca","Bivalvia","Myida","Dreissenidae",NA,"Dreissena",1,"zebra mussel","x100724_att09_mzb10",1,"Dreissena polymorpha"
"Animalia","Mollusca","Bivalvia","Myida","Dreissenidae",NA,"Dreissena",1,"zebra mussel","x100724_att10_mzb11",3,"Dreissena polymorpha"
"Animalia","Mollusca","Bivalvia","Myida","Dreissenidae",NA,"Dreissena",1,"zebra mussel","x100724_att13_mzb1",1,"Dreissena polymorpha"
"Animalia","Mollusca","Bivalvia","Myida","Dreissenidae",NA,"Dreissena",1,"zebra mussel","x020724_att16_mzb3",3,"Dreissena polymorpha"
"Animalia","Mollusca","Bivalvia","Myida","Dreissenidae",NA,"Dreissena",1,"zebra mussel","x020724_att16_mzb4",7,"Dreissena polymorpha"
"Animalia","Mollusca","Bivalvia","Myida","Dreissenidae",NA,"Dreissena",1,"zebra mussel","x010724_att22_mzb1",2,"Dreissena polymorpha"
"Animalia","Mollusca","Bivalvia","Myida","Dreissenidae",NA,"Dreissena",1,"zebra mussel","x010724_att23_mzb3",15,"Dreissena polymorpha"
"Animalia","Mollusca","Bivalvia","Myida","Dreissenidae",NA,"Dreissena",1,"zebra mussel","x010724_att23_mzb4",5,"Dreissena polymorpha"
"Animalia","Mollusca","Bivalvia","Myida","Dreissenidae",NA,"Dreissena",1,"zebra mussel","x010724_att24_mzb5",7,"Dreissena polymorpha"
"Animalia","Mollusca","Bivalvia","Myida","Dreissenidae",NA,"Dreissena",1,"zebra mussel","x010724_att24_mzb6",27,"Dreissena polymorpha"
"Animalia","Mollusca","Bivalvia","Sphaeriida","Sphaeriidae",NA,"Pisidium",1,"larger white pea clam","x050724_att01_mzb2",3,"Pisidium"
"Animalia","Mollusca","Bivalvia","Sphaeriida","Sphaeriidae",NA,"Pisidium",1,"larger white pea clam","x050724_att03_mzb5",1,"Pisidium"
"Animalia","Mollusca","Bivalvia","Sphaeriida","Sphaeriidae",NA,"Pisidium",1,"larger white pea clam","x050724_att04_mzb7",25,"Pisidium"
"Animalia","Mollusca","Bivalvia","Sphaeriida","Sphaeriidae",NA,"Pisidium",1,"larger white pea clam","x050724_att04_mzb8",3,"Pisidium"
"Animalia","Mollusca","Bivalvia","Sphaeriida","Sphaeriidae",NA,"Pisidium",1,"larger white pea clam","x040724_att06_mzb5",9,"Pisidium"
"Animalia","Mollusca","Bivalvia","Sphaeriida","Sphaeriidae",NA,"Pisidium",1,"larger white pea clam","x040724_att07_mzb1",23,"Pisidium"
"Animalia","Mollusca","Bivalvia","Sphaeriida","Sphaeriidae",NA,"Pisidium",1,"larger white pea clam","x040724_att07_mzb2",16,"Pisidium"
"Animalia","Mollusca","Bivalvia","Sphaeriida","Sphaeriidae",NA,"Pisidium",1,"larger white pea clam","x100724_att09_mzb9",2,"Pisidium"
"Animalia","Mollusca","Bivalvia","Sphaeriida","Sphaeriidae",NA,"Pisidium",1,"larger white pea clam","x100724_att09_mzb10",10,"Pisidium"
"Animalia","Mollusca","Bivalvia","Sphaeriida","Sphaeriidae",NA,"Pisidium",1,"larger white pea clam","x100724_att10_mzb11",18,"Pisidium"
"Animalia","Mollusca","Bivalvia","Sphaeriida","Sphaeriidae",NA,"Pisidium",1,"larger white pea clam","x100724_att10_mzb12",3,"Pisidium"
"Animalia","Mollusca","Bivalvia","Sphaeriida","Sphaeriidae",NA,"Pisidium",1,"larger white pea clam","x100724_att11_mzb7",2,"Pisidium"
"Animalia","Mollusca","Bivalvia","Sphaeriida","Sphaeriidae",NA,"Pisidium",1,"larger white pea clam","x100724_att11_mzb8",1,"Pisidium"
"Animalia","Mollusca","Bivalvia","Sphaeriida","Sphaeriidae",NA,"Pisidium",1,"larger white pea clam","x100724_att12_mzb3",8,"Pisidium"
"Animalia","Mollusca","Bivalvia","Sphaeriida","Sphaeriidae",NA,"Pisidium",1,"larger white pea clam","x100724_att12_mzb4",4,"Pisidium"
"Animalia","Mollusca","Bivalvia","Sphaeriida","Sphaeriidae",NA,"Pisidium",1,"larger white pea clam","x100724_att13_mzb1",100,"Pisidium"
"Animalia","Mollusca","Bivalvia","Sphaeriida","Sphaeriidae",NA,"Pisidium",1,"larger white pea clam","x100724_att13_mzb2",13,"Pisidium"
"Animalia","Mollusca","Bivalvia","Sphaeriida","Sphaeriidae",NA,"Pisidium",1,"larger white pea clam","x100724_att14_mzb5",1,"Pisidium"
"Animalia","Mollusca","Bivalvia","Sphaeriida","Sphaeriidae",NA,"Pisidium",1,"larger white pea clam","x100724_att14_mzb6",1,"Pisidium"
"Animalia","Mollusca","Bivalvia","Sphaeriida","Sphaeriidae",NA,"Pisidium",1,"larger white pea clam","x020724_att15_mzb2",1,"Pisidium"
"Animalia","Mollusca","Bivalvia","Sphaeriida","Sphaeriidae",NA,"Pisidium",1,"larger white pea clam","x020724_att17_mzb5",1,"Pisidium"
"Animalia","Mollusca","Bivalvia","Sphaeriida","Sphaeriidae",NA,"Pisidium",1,"larger white pea clam","x020724_att17_mzb6",1,"Pisidium"
"Animalia","Mollusca","Bivalvia","Sphaeriida","Sphaeriidae",NA,"Pisidium",1,"larger white pea clam","x030724_att18_mzb1",5,"Pisidium"
"Animalia","Mollusca","Bivalvia","Sphaeriida","Sphaeriidae",NA,"Pisidium",1,"larger white pea clam","x030724_att18_mzb2",40,"Pisidium"
"Animalia","Mollusca","Bivalvia","Sphaeriida","Sphaeriidae",NA,"Pisidium",1,"larger white pea clam","x030724_att19_mzb3",8,"Pisidium"
"Animalia","Mollusca","Bivalvia","Sphaeriida","Sphaeriidae",NA,"Pisidium",1,"larger white pea clam","x030724_att19_mzb4",19,"Pisidium"
"Animalia","Mollusca","Bivalvia","Sphaeriida","Sphaeriidae",NA,"Pisidium",1,"larger white pea clam","x030724_att20_mzb5",5,"Pisidium"
"Animalia","Mollusca","Bivalvia","Sphaeriida","Sphaeriidae",NA,"Pisidium",1,"larger white pea clam","x030724_att20_mzb6",4,"Pisidium"
"Animalia","Mollusca","Bivalvia","Sphaeriida","Sphaeriidae",NA,"Pisidium",1,"larger white pea clam","x010724_att21_mzb7",19,"Pisidium"
"Animalia","Mollusca","Bivalvia","Sphaeriida","Sphaeriidae",NA,"Pisidium",1,"larger white pea clam","x010724_att21_mzb8",16,"Pisidium"
"Animalia","Mollusca","Bivalvia","Sphaeriida","Sphaeriidae",NA,"Pisidium",1,"larger white pea clam","x010724_att23_mzb3",13,"Pisidium"
"Animalia","Mollusca","Bivalvia","Sphaeriida","Sphaeriidae",NA,"Pisidium",1,"larger white pea clam","x010724_att23_mzb4",4,"Pisidium"
"Animalia","Mollusca","Bivalvia","Sphaeriida","Sphaeriidae",NA,"Pisidium",1,"larger white pea clam","x010724_att24_mzb5",46,"Pisidium"
"Animalia","Mollusca","Bivalvia","Sphaeriida","Sphaeriidae",NA,"Pisidium",1,"larger white pea clam","x010724_att24_mzb6",60,"Pisidium"
"Animalia","Mollusca","Bivalvia","Sphaeriida","Sphaeriidae",NA,"Pisidium",1,"tiny 'pill' clam","x050724_att01_mzb1",50,"Pisidium"
"Animalia","Mollusca","Bivalvia","Sphaeriida","Sphaeriidae",NA,"Pisidium",1,"tiny 'pill' clam","x050724_att01_mzb2",6,"Pisidium"
"Animalia","Mollusca","Bivalvia","Sphaeriida","Sphaeriidae",NA,"Pisidium",1,"tiny 'pill' clam","x050724_att03_mzb6",1,"Pisidium"
"Animalia","Mollusca","Bivalvia","Sphaeriida","Sphaeriidae",NA,"Pisidium",1,"tiny 'pill' clam","x050724_att04_mzb7",48,"Pisidium"
"Animalia","Mollusca","Bivalvia","Sphaeriida","Sphaeriidae",NA,"Pisidium",1,"tiny 'pill' clam","x050724_att04_mzb8",81,"Pisidium"
"Animalia","Mollusca","Bivalvia","Sphaeriida","Sphaeriidae",NA,"Pisidium",1,"tiny 'pill' clam","x040724_att05_mzb4",2,"Pisidium"
"Animalia","Mollusca","Bivalvia","Sphaeriida","Sphaeriidae",NA,"Pisidium",1,"tiny 'pill' clam","x040724_att07_mzb1",38,"Pisidium"
"Animalia","Mollusca","Bivalvia","Sphaeriida","Sphaeriidae",NA,"Pisidium",1,"tiny 'pill' clam","x040724_att07_mzb2",32,"Pisidium"
"Animalia","Mollusca","Bivalvia","Sphaeriida","Sphaeriidae",NA,"Pisidium",1,"tiny 'pill' clam","x050724_att08_mzb9",3,"Pisidium"
"Animalia","Mollusca","Bivalvia","Sphaeriida","Sphaeriidae",NA,"Pisidium",1,"tiny 'pill' clam","x100724_att10_mzb11",125,"Pisidium"
"Animalia","Mollusca","Bivalvia","Sphaeriida","Sphaeriidae",NA,"Pisidium",1,"tiny 'pill' clam","x100724_att10_mzb12",48,"Pisidium"
"Animalia","Mollusca","Bivalvia","Sphaeriida","Sphaeriidae",NA,"Pisidium",1,"tiny 'pill' clam","x100724_att13_mzb1",68,"Pisidium"
"Animalia","Mollusca","Bivalvia","Sphaeriida","Sphaeriidae",NA,"Pisidium",1,"tiny 'pill' clam","x100724_att13_mzb2",3,"Pisidium"
"Animalia","Mollusca","Bivalvia","Sphaeriida","Sphaeriidae",NA,"Pisidium",1,"tiny 'pill' clam","x100724_att14_mzb5",1,"Pisidium"
"Animalia","Mollusca","Bivalvia","Sphaeriida","Sphaeriidae",NA,"Pisidium",1,"tiny 'pill' clam","x020724_att15_mzb1",2,"Pisidium"
"Animalia","Mollusca","Bivalvia","Sphaeriida","Sphaeriidae",NA,"Pisidium",1,"tiny 'pill' clam","x020724_att16_mzb3",3,"Pisidium"
"Animalia","Mollusca","Bivalvia","Sphaeriida","Sphaeriidae",NA,"Pisidium",1,"tiny 'pill' clam","x020724_att16_mzb4",1,"Pisidium"
"Animalia","Mollusca","Bivalvia","Sphaeriida","Sphaeriidae",NA,"Pisidium",1,"tiny 'pill' clam","x020724_att17_mzb5",1,"Pisidium"
"Animalia","Mollusca","Bivalvia","Sphaeriida","Sphaeriidae",NA,"Pisidium",1,"tiny 'pill' clam","x030724_att18_mzb1",90,"Pisidium"
"Animalia","Mollusca","Bivalvia","Sphaeriida","Sphaeriidae",NA,"Pisidium",1,"tiny 'pill' clam","x030724_att18_mzb2",36,"Pisidium"
"Animalia","Mollusca","Bivalvia","Sphaeriida","Sphaeriidae",NA,"Pisidium",1,"tiny 'pill' clam","x030724_att20_mzb5",22,"Pisidium"
"Animalia","Mollusca","Bivalvia","Sphaeriida","Sphaeriidae",NA,"Pisidium",1,"tiny 'pill' clam","x030724_att20_mzb6",6,"Pisidium"
"Animalia","Mollusca","Bivalvia","Sphaeriida","Sphaeriidae",NA,"Pisidium",1,"tiny 'pill' clam","x010724_att21_mzb7",3,"Pisidium"
"Animalia","Mollusca","Bivalvia","Sphaeriida","Sphaeriidae",NA,"Pisidium",1,"tiny 'pill' clam","x010724_att21_mzb8",4,"Pisidium"
"Animalia","Mollusca","Bivalvia","Sphaeriida","Sphaeriidae",NA,"Pisidium",1,"tiny 'pill' clam","x010724_att22_mzb1",5,"Pisidium"
"Animalia","Mollusca","Bivalvia","Sphaeriida","Sphaeriidae",NA,"Pisidium",1,"tiny 'pill' clam","x010724_att22_mzb2",8,"Pisidium"
"Animalia","Mollusca","Bivalvia","Sphaeriida","Sphaeriidae",NA,"Pisidium",1,"tiny 'pill' clam","x010724_att23_mzb3",24,"Pisidium"
"Animalia","Mollusca","Bivalvia","Sphaeriida","Sphaeriidae",NA,"Pisidium",1,"tiny 'pill' clam","x010724_att23_mzb4",3,"Pisidium"
"Animalia","Mollusca","Bivalvia","Sphaeriida","Sphaeriidae",NA,"Pisidium",1,"tiny 'pill' clam","x010724_att24_mzb5",138,"Pisidium"
"Animalia","Mollusca","Bivalvia","Sphaeriida","Sphaeriidae",NA,"Pisidium",1,"tiny 'pill' clam","x010724_att24_mzb6",65,"Pisidium"
"Animalia","Mollusca","Bivalvia","Sphaeriida","Sphaeriidae",NA,"Sphaerium",1,"river orb clam (olive brown / green)","x050724_att01_mzb1",10,"Sphaerium"
"Animalia","Mollusca","Bivalvia","Sphaeriida","Sphaeriidae",NA,"Sphaerium",1,"river orb clam (olive brown / green)","x050724_att01_mzb2",2,"Sphaerium"
"Animalia","Mollusca","Bivalvia","Sphaeriida","Sphaeriidae",NA,"Sphaerium",1,"river orb clam (olive brown / green)","x050724_att02_mzb3",5,"Sphaerium"
"Animalia","Mollusca","Bivalvia","Sphaeriida","Sphaeriidae",NA,"Sphaerium",1,"river orb clam (olive brown / green)","x050724_att02_mzb4",6,"Sphaerium"
"Animalia","Mollusca","Bivalvia","Sphaeriida","Sphaeriidae",NA,"Sphaerium",1,"river orb clam (olive brown / green)","x050724_att04_mzb8",21,"Sphaerium"
"Animalia","Mollusca","Bivalvia","Sphaeriida","Sphaeriidae",NA,"Sphaerium",1,"river orb clam (olive brown / green)","x040724_att05_mzb3",1,"Sphaerium"
"Animalia","Mollusca","Bivalvia","Sphaeriida","Sphaeriidae",NA,"Sphaerium",1,"river orb clam (olive brown / green)","x040724_att05_mzb4",1,"Sphaerium"
"Animalia","Mollusca","Bivalvia","Sphaeriida","Sphaeriidae",NA,"Sphaerium",1,"river orb clam (olive brown / green)","x040724_att06_mzb5",4,"Sphaerium"
"Animalia","Mollusca","Bivalvia","Sphaeriida","Sphaeriidae",NA,"Sphaerium",1,"river orb clam (olive brown / green)","x040724_att06_mzb6",1,"Sphaerium"
"Animalia","Mollusca","Bivalvia","Sphaeriida","Sphaeriidae",NA,"Sphaerium",1,"river orb clam (olive brown / green)","x100724_att10_mzb11",1,"Sphaerium"
"Animalia","Mollusca","Bivalvia","Sphaeriida","Sphaeriidae",NA,"Sphaerium",1,"river orb clam (olive brown / green)","x100724_att10_mzb12",2,"Sphaerium"
"Animalia","Mollusca","Bivalvia","Sphaeriida","Sphaeriidae",NA,"Sphaerium",1,"river orb clam (olive brown / green)","x100724_att12_mzb3",1,"Sphaerium"
"Animalia","Mollusca","Bivalvia","Sphaeriida","Sphaeriidae",NA,"Sphaerium",1,"river orb clam (olive brown / green)","x100724_att13_mzb1",14,"Sphaerium"
"Animalia","Mollusca","Bivalvia","Sphaeriida","Sphaeriidae",NA,"Sphaerium",1,"river orb clam (olive brown / green)","x100724_att13_mzb2",25,"Sphaerium"
"Animalia","Mollusca","Bivalvia","Sphaeriida","Sphaeriidae",NA,"Sphaerium",1,"river orb clam (olive brown / green)","x030724_att18_mzb1",4,"Sphaerium"
"Animalia","Mollusca","Bivalvia","Sphaeriida","Sphaeriidae",NA,"Sphaerium",1,"river orb clam (olive brown / green)","x030724_att20_mzb5",9,"Sphaerium"
"Animalia","Mollusca","Bivalvia","Sphaeriida","Sphaeriidae",NA,"Sphaerium",1,"river orb clam (olive brown / green)","x030724_att20_mzb6",4,"Sphaerium"
"Animalia","Mollusca","Bivalvia","Sphaeriida","Sphaeriidae",NA,"Sphaerium",1,"river orb clam (olive brown / green)","x010724_att21_mzb7",12,"Sphaerium"
"Animalia","Mollusca","Bivalvia","Sphaeriida","Sphaeriidae",NA,"Sphaerium",1,"river orb clam (olive brown / green)","x010724_att21_mzb8",5,"Sphaerium"
"Animalia","Mollusca","Bivalvia","Sphaeriida","Sphaeriidae",NA,"Sphaerium",1,"river orb clam (olive brown / green)","x010724_att22_mzb2",7,"Sphaerium"
"Animalia","Mollusca","Bivalvia","Sphaeriida","Sphaeriidae",NA,"Sphaerium",1,"river orb clam (olive brown / green)","x010724_att23_mzb3",23,"Sphaerium"
"Animalia","Mollusca","Bivalvia","Sphaeriida","Sphaeriidae",NA,"Sphaerium",1,"river orb clam (olive brown / green)","x010724_att23_mzb4",2,"Sphaerium"
"Animalia","Mollusca","Bivalvia","Sphaeriida","Sphaeriidae",NA,"Sphaerium",1,"river orb clam (olive brown / green)","x010724_att24_mzb5",68,"Sphaerium"
"Animalia","Mollusca","Bivalvia","Sphaeriida","Sphaeriidae",NA,"Sphaerium",1,"river orb clam (olive brown / green)","x010724_att24_mzb6",115,"Sphaerium"
"Animalia","Mollusca","Gastropoda","Littorinimorpha","Bithyniidae",NA,"Bithynia",5,"faucet snail","x050724_att01_mzb1",11,"Bithynia tentaculata"
"Animalia","Mollusca","Gastropoda","Littorinimorpha","Bithyniidae",NA,"Bithynia",5,"faucet snail","x050724_att01_mzb2",4,"Bithynia tentaculata"
"Animalia","Mollusca","Gastropoda","Littorinimorpha","Bithyniidae",NA,"Bithynia",5,"faucet snail","x050724_att02_mzb3",2,"Bithynia tentaculata"
"Animalia","Mollusca","Gastropoda","Littorinimorpha","Bithyniidae",NA,"Bithynia",5,"faucet snail","x050724_att03_mzb5",2,"Bithynia tentaculata"
"Animalia","Mollusca","Gastropoda","Littorinimorpha","Bithyniidae",NA,"Bithynia",5,"faucet snail","x050724_att03_mzb6",3,"Bithynia tentaculata"
"Animalia","Mollusca","Gastropoda","Littorinimorpha","Bithyniidae",NA,"Bithynia",5,"faucet snail","x050724_att04_mzb7",20,"Bithynia tentaculata"
"Animalia","Mollusca","Gastropoda","Littorinimorpha","Bithyniidae",NA,"Bithynia",5,"faucet snail","x050724_att04_mzb8",4,"Bithynia tentaculata"
"Animalia","Mollusca","Gastropoda","Littorinimorpha","Bithyniidae",NA,"Bithynia",5,"faucet snail","x040724_att05_mzb3",48,"Bithynia tentaculata"
"Animalia","Mollusca","Gastropoda","Littorinimorpha","Bithyniidae",NA,"Bithynia",5,"faucet snail","x040724_att05_mzb4",8,"Bithynia tentaculata"
"Animalia","Mollusca","Gastropoda","Littorinimorpha","Bithyniidae",NA,"Bithynia",5,"faucet snail","x040724_att06_mzb5",12,"Bithynia tentaculata"
"Animalia","Mollusca","Gastropoda","Littorinimorpha","Bithyniidae",NA,"Bithynia",5,"faucet snail","x040724_att06_mzb6",27,"Bithynia tentaculata"
"Animalia","Mollusca","Gastropoda","Littorinimorpha","Bithyniidae",NA,"Bithynia",5,"faucet snail","x040724_att07_mzb1",18,"Bithynia tentaculata"
"Animalia","Mollusca","Gastropoda","Littorinimorpha","Bithyniidae",NA,"Bithynia",5,"faucet snail","x040724_att07_mzb2",8,"Bithynia tentaculata"
"Animalia","Mollusca","Gastropoda","Littorinimorpha","Bithyniidae",NA,"Bithynia",5,"faucet snail","x050724_att08_mzb9",24,"Bithynia tentaculata"
"Animalia","Mollusca","Gastropoda","Littorinimorpha","Bithyniidae",NA,"Bithynia",5,"faucet snail","x050724_att08_mzb10",9,"Bithynia tentaculata"
"Animalia","Mollusca","Gastropoda","Littorinimorpha","Bithyniidae",NA,"Bithynia",5,"faucet snail","x100724_att09_mzb9",10,"Bithynia tentaculata"
"Animalia","Mollusca","Gastropoda","Littorinimorpha","Bithyniidae",NA,"Bithynia",5,"faucet snail","x100724_att09_mzb10",5,"Bithynia tentaculata"
"Animalia","Mollusca","Gastropoda","Littorinimorpha","Bithyniidae",NA,"Bithynia",5,"faucet snail","x100724_att10_mzb11",4,"Bithynia tentaculata"
"Animalia","Mollusca","Gastropoda","Littorinimorpha","Bithyniidae",NA,"Bithynia",5,"faucet snail","x100724_att10_mzb12",4,"Bithynia tentaculata"
"Animalia","Mollusca","Gastropoda","Littorinimorpha","Bithyniidae",NA,"Bithynia",5,"faucet snail","x100724_att11_mzb7",19,"Bithynia tentaculata"
"Animalia","Mollusca","Gastropoda","Littorinimorpha","Bithyniidae",NA,"Bithynia",5,"faucet snail","x100724_att11_mzb8",7,"Bithynia tentaculata"
"Animalia","Mollusca","Gastropoda","Littorinimorpha","Bithyniidae",NA,"Bithynia",5,"faucet snail","x100724_att12_mzb3",16,"Bithynia tentaculata"
"Animalia","Mollusca","Gastropoda","Littorinimorpha","Bithyniidae",NA,"Bithynia",5,"faucet snail","x100724_att12_mzb4",12,"Bithynia tentaculata"
"Animalia","Mollusca","Gastropoda","Littorinimorpha","Bithyniidae",NA,"Bithynia",5,"faucet snail","x100724_att13_mzb1",26,"Bithynia tentaculata"
"Animalia","Mollusca","Gastropoda","Littorinimorpha","Bithyniidae",NA,"Bithynia",5,"faucet snail","x100724_att13_mzb2",26,"Bithynia tentaculata"
"Animalia","Mollusca","Gastropoda","Littorinimorpha","Bithyniidae",NA,"Bithynia",5,"faucet snail","x100724_att14_mzb5",8,"Bithynia tentaculata"
"Animalia","Mollusca","Gastropoda","Littorinimorpha","Bithyniidae",NA,"Bithynia",5,"faucet snail","x100724_att14_mzb6",6,"Bithynia tentaculata"
"Animalia","Mollusca","Gastropoda","Littorinimorpha","Bithyniidae",NA,"Bithynia",5,"faucet snail","x020724_att17_mzb5",1,"Bithynia tentaculata"
"Animalia","Mollusca","Gastropoda","Littorinimorpha","Bithyniidae",NA,"Bithynia",5,"faucet snail","x030724_att18_mzb1",2,"Bithynia tentaculata"
"Animalia","Mollusca","Gastropoda","Littorinimorpha","Bithyniidae",NA,"Bithynia",5,"faucet snail","x030724_att19_mzb3",30,"Bithynia tentaculata"
"Animalia","Mollusca","Gastropoda","Littorinimorpha","Bithyniidae",NA,"Bithynia",5,"faucet snail","x030724_att19_mzb4",19,"Bithynia tentaculata"
"Animalia","Mollusca","Gastropoda","Littorinimorpha","Bithyniidae",NA,"Bithynia",5,"faucet snail","x030724_att20_mzb5",21,"Bithynia tentaculata"
"Animalia","Mollusca","Gastropoda","Littorinimorpha","Bithyniidae",NA,"Bithynia",5,"faucet snail","x030724_att20_mzb6",19,"Bithynia tentaculata"
"Animalia","Mollusca","Gastropoda","Littorinimorpha","Bithyniidae",NA,"Bithynia",5,"faucet snail","x010724_att21_mzb7",34,"Bithynia tentaculata"
"Animalia","Mollusca","Gastropoda","Littorinimorpha","Bithyniidae",NA,"Bithynia",5,"faucet snail","x010724_att21_mzb8",19,"Bithynia tentaculata"
"Animalia","Mollusca","Gastropoda","Littorinimorpha","Bithyniidae",NA,"Bithynia",5,"faucet snail","x010724_att22_mzb1",7,"Bithynia tentaculata"
"Animalia","Mollusca","Gastropoda","Littorinimorpha","Bithyniidae",NA,"Bithynia",5,"faucet snail","x010724_att22_mzb2",14,"Bithynia tentaculata"
"Animalia","Mollusca","Gastropoda","Littorinimorpha","Bithyniidae",NA,"Bithynia",5,"faucet snail","x010724_att23_mzb4",12,"Bithynia tentaculata"
"Animalia","Mollusca","Gastropoda","Littorinimorpha","Bithyniidae",NA,"Bithynia",5,"faucet snail","x010724_att24_mzb5",14,"Bithynia tentaculata"
"Animalia","Mollusca","Gastropoda","Littorinimorpha","Bithyniidae",NA,"Bithynia",5,"faucet snail","x010724_att24_mzb6",6,"Bithynia tentaculata"
"Animalia","Mollusca","Gastropoda","Littorinimorpha","Acroloxidae",NA,"Acroloxus",1,"lake limpet","x100724_att12_mzb3",2,"Acroloxus lacustris"
"Animalia","Mollusca","Gastropoda","Littorinimorpha","Acroloxidae",NA,"Acroloxus",1,"lake limpet","x100724_att13_mzb1",1,"Acroloxus lacustris"
"Animalia","Mollusca","Gastropoda","Littorinimorpha","Acroloxidae",NA,"Acroloxus",1,"lake limpet","x020724_att15_mzb1",1,"Acroloxus lacustris"
"Animalia","Mollusca","Gastropoda","Littorinimorpha","Acroloxidae",NA,"Acroloxus",1,"lake limpet","x020724_att16_mzb3",2,"Acroloxus lacustris"
"Animalia","Mollusca","Gastropoda","Littorinimorpha","Acroloxidae",NA,"Acroloxus",1,"lake limpet","x020724_att16_mzb4",2,"Acroloxus lacustris"
"Animalia","Mollusca","Gastropoda","Littorinimorpha","Acroloxidae",NA,"Acroloxus",1,"lake limpet","x030724_att18_mzb2",1,"Acroloxus lacustris"
"Animalia","Mollusca","Gastropoda","Littorinimorpha","Acroloxidae",NA,"Acroloxus",1,"lake limpet","x030724_att20_mzb6",2,"Acroloxus lacustris"
"Animalia","Mollusca","Gastropoda","Littorinimorpha","Acroloxidae",NA,"Acroloxus",1,"lake limpet","x010724_att21_mzb7",1,"Acroloxus lacustris"
"Animalia","Mollusca","Gastropoda","Littorinimorpha","Acroloxidae",NA,"Acroloxus",1,"lake limpet","x010724_att24_mzb5",1,"Acroloxus lacustris"
"Animalia","Mollusca","Gastropoda","Littorinimorpha","Lymnaeidae",NA,"Lymnaea",4,"great pond snail","x050724_att01_mzb1",1,"Lymnaea stagnalis"
"Animalia","Mollusca","Gastropoda","Littorinimorpha","Lymnaeidae",NA,"Lymnaea",4,"great pond snail","x050724_att01_mzb2",2,"Lymnaea stagnalis"
"Animalia","Mollusca","Gastropoda","Littorinimorpha","Lymnaeidae",NA,"Lymnaea",4,"great pond snail","x050724_att02_mzb4",3,"Lymnaea stagnalis"
"Animalia","Mollusca","Gastropoda","Littorinimorpha","Lymnaeidae",NA,"Lymnaea",4,"great pond snail","x050724_att03_mzb5",1,"Lymnaea stagnalis"
"Animalia","Mollusca","Gastropoda","Littorinimorpha","Lymnaeidae",NA,"Lymnaea",4,"great pond snail","x050724_att03_mzb6",4,"Lymnaea stagnalis"
"Animalia","Mollusca","Gastropoda","Littorinimorpha","Lymnaeidae",NA,"Lymnaea",4,"great pond snail","x050724_att04_mzb7",1,"Lymnaea stagnalis"
"Animalia","Mollusca","Gastropoda","Littorinimorpha","Lymnaeidae",NA,"Lymnaea",4,"great pond snail","x040724_att05_mzb4",1,"Lymnaea stagnalis"
"Animalia","Mollusca","Gastropoda","Littorinimorpha","Lymnaeidae",NA,"Lymnaea",4,"great pond snail","x040724_att06_mzb5",3,"Lymnaea stagnalis"
"Animalia","Mollusca","Gastropoda","Littorinimorpha","Lymnaeidae",NA,"Lymnaea",4,"great pond snail","x040724_att06_mzb6",2,"Lymnaea stagnalis"
"Animalia","Mollusca","Gastropoda","Littorinimorpha","Lymnaeidae",NA,"Lymnaea",4,"great pond snail","x050724_att08_mzb9",1,"Lymnaea stagnalis"
"Animalia","Mollusca","Gastropoda","Littorinimorpha","Lymnaeidae",NA,"Lymnaea",4,"great pond snail","x050724_att08_mzb10",2,"Lymnaea stagnalis"
"Animalia","Mollusca","Gastropoda","Littorinimorpha","Lymnaeidae",NA,"Lymnaea",4,"great pond snail","x100724_att09_mzb10",2,"Lymnaea stagnalis"
"Animalia","Mollusca","Gastropoda","Littorinimorpha","Lymnaeidae",NA,"Lymnaea",4,"great pond snail","x100724_att10_mzb11",1,"Lymnaea stagnalis"
"Animalia","Mollusca","Gastropoda","Littorinimorpha","Lymnaeidae",NA,"Lymnaea",4,"great pond snail","x100724_att10_mzb12",5,"Lymnaea stagnalis"
"Animalia","Mollusca","Gastropoda","Littorinimorpha","Lymnaeidae",NA,"Lymnaea",4,"great pond snail","x100724_att13_mzb1",1,"Lymnaea stagnalis"
"Animalia","Mollusca","Gastropoda","Littorinimorpha","Lymnaeidae",NA,"Lymnaea",4,"great pond snail","x100724_att13_mzb2",1,"Lymnaea stagnalis"
"Animalia","Mollusca","Gastropoda","Littorinimorpha","Lymnaeidae",NA,"Lymnaea",4,"great pond snail","x030724_att18_mzb2",1,"Lymnaea stagnalis"
"Animalia","Mollusca","Gastropoda","Littorinimorpha","Lymnaeidae",NA,"Lymnaea",4,"great pond snail","x030724_att19_mzb3",1,"Lymnaea stagnalis"
"Animalia","Mollusca","Gastropoda","Littorinimorpha","Lymnaeidae",NA,"Lymnaea",4,"great pond snail","x030724_att19_mzb4",2,"Lymnaea stagnalis"
"Animalia","Mollusca","Gastropoda","Littorinimorpha","Lymnaeidae",NA,"Lymnaea",4,"great pond snail","x010724_att22_mzb1",5,"Lymnaea stagnalis"
"Animalia","Mollusca","Gastropoda","Littorinimorpha","Lymnaeidae",NA,"Lymnaea",4,"great pond snail","x010724_att22_mzb2",22,"Lymnaea stagnalis"
"Animalia","Mollusca","Gastropoda","Littorinimorpha","Lymnaeidae",NA,"Lymnaea",4,"great pond snail","x010724_att24_mzb6",3,"Lymnaea stagnalis"
"Animalia","Mollusca","Gastropoda","Littorinimorpha","Lymnaeidae",NA,"Lymnaea",1,"wandering pond snail (large aperture)","x050724_att01_mzb1",3,"Lymnaea peregra"
"Animalia","Mollusca","Gastropoda","Littorinimorpha","Lymnaeidae",NA,"Lymnaea",1,"wandering pond snail (large aperture)","x050724_att01_mzb2",3,"Lymnaea peregra"
"Animalia","Mollusca","Gastropoda","Littorinimorpha","Lymnaeidae",NA,"Lymnaea",1,"wandering pond snail (large aperture)","x050724_att02_mzb3",1,"Lymnaea peregra"
"Animalia","Mollusca","Gastropoda","Littorinimorpha","Lymnaeidae",NA,"Lymnaea",1,"wandering pond snail (large aperture)","x050724_att03_mzb6",3,"Lymnaea peregra"
"Animalia","Mollusca","Gastropoda","Littorinimorpha","Lymnaeidae",NA,"Lymnaea",1,"wandering pond snail (large aperture)","x050724_att04_mzb7",1,"Lymnaea peregra"
"Animalia","Mollusca","Gastropoda","Littorinimorpha","Lymnaeidae",NA,"Lymnaea",1,"wandering pond snail (large aperture)","x050724_att04_mzb8",1,"Lymnaea peregra"
"Animalia","Mollusca","Gastropoda","Littorinimorpha","Lymnaeidae",NA,"Lymnaea",1,"wandering pond snail (large aperture)","x040724_att06_mzb5",3,"Lymnaea peregra"
"Animalia","Mollusca","Gastropoda","Littorinimorpha","Lymnaeidae",NA,"Lymnaea",1,"wandering pond snail (large aperture)","x040724_att06_mzb6",6,"Lymnaea peregra"
"Animalia","Mollusca","Gastropoda","Littorinimorpha","Lymnaeidae",NA,"Lymnaea",1,"wandering pond snail (large aperture)","x040724_att07_mzb2",1,"Lymnaea peregra"
"Animalia","Mollusca","Gastropoda","Littorinimorpha","Lymnaeidae",NA,"Lymnaea",1,"wandering pond snail (large aperture)","x050724_att08_mzb9",9,"Lymnaea peregra"
"Animalia","Mollusca","Gastropoda","Littorinimorpha","Lymnaeidae",NA,"Lymnaea",1,"wandering pond snail (large aperture)","x050724_att08_mzb10",5,"Lymnaea peregra"
"Animalia","Mollusca","Gastropoda","Littorinimorpha","Lymnaeidae",NA,"Lymnaea",1,"wandering pond snail (large aperture)","x100724_att09_mzb9",3,"Lymnaea peregra"
"Animalia","Mollusca","Gastropoda","Littorinimorpha","Lymnaeidae",NA,"Lymnaea",1,"wandering pond snail (large aperture)","x100724_att09_mzb10",1,"Lymnaea peregra"
"Animalia","Mollusca","Gastropoda","Littorinimorpha","Lymnaeidae",NA,"Lymnaea",1,"wandering pond snail (large aperture)","x100724_att10_mzb11",4,"Lymnaea peregra"
"Animalia","Mollusca","Gastropoda","Littorinimorpha","Lymnaeidae",NA,"Lymnaea",1,"wandering pond snail (large aperture)","x100724_att10_mzb12",4,"Lymnaea peregra"
"Animalia","Mollusca","Gastropoda","Littorinimorpha","Lymnaeidae",NA,"Lymnaea",1,"wandering pond snail (large aperture)","x100724_att11_mzb7",2,"Lymnaea peregra"
"Animalia","Mollusca","Gastropoda","Littorinimorpha","Lymnaeidae",NA,"Lymnaea",1,"wandering pond snail (large aperture)","x100724_att11_mzb8",2,"Lymnaea peregra"
"Animalia","Mollusca","Gastropoda","Littorinimorpha","Lymnaeidae",NA,"Lymnaea",1,"wandering pond snail (large aperture)","x100724_att12_mzb4",2,"Lymnaea peregra"
"Animalia","Mollusca","Gastropoda","Littorinimorpha","Lymnaeidae",NA,"Lymnaea",1,"wandering pond snail (large aperture)","x100724_att13_mzb1",9,"Lymnaea peregra"
"Animalia","Mollusca","Gastropoda","Littorinimorpha","Lymnaeidae",NA,"Lymnaea",1,"wandering pond snail (large aperture)","x020724_att15_mzb1",2,"Lymnaea peregra"
"Animalia","Mollusca","Gastropoda","Littorinimorpha","Lymnaeidae",NA,"Lymnaea",1,"wandering pond snail (large aperture)","x030724_att19_mzb3",2,"Lymnaea peregra"
"Animalia","Mollusca","Gastropoda","Littorinimorpha","Lymnaeidae",NA,"Lymnaea",1,"wandering pond snail (large aperture)","x030724_att20_mzb5",2,"Lymnaea peregra"
"Animalia","Mollusca","Gastropoda","Littorinimorpha","Lymnaeidae",NA,"Lymnaea",1,"wandering pond snail (large aperture)","x010724_att21_mzb7",40,"Lymnaea peregra"
"Animalia","Mollusca","Gastropoda","Littorinimorpha","Lymnaeidae",NA,"Lymnaea",1,"wandering pond snail (large aperture)","x010724_att21_mzb8",19,"Lymnaea peregra"
"Animalia","Mollusca","Gastropoda","Littorinimorpha","Lymnaeidae",NA,"Lymnaea",1,"wandering pond snail (large aperture)","x010724_att22_mzb1",12,"Lymnaea peregra"
"Animalia","Mollusca","Gastropoda","Littorinimorpha","Lymnaeidae",NA,"Lymnaea",1,"wandering pond snail (large aperture)","x010724_att22_mzb2",18,"Lymnaea peregra"
"Animalia","Mollusca","Gastropoda","Littorinimorpha","Lymnaeidae",NA,"Lymnaea",1,"wandering pond snail (large aperture)","x010724_att23_mzb3",2,"Lymnaea peregra"
"Animalia","Mollusca","Gastropoda","Littorinimorpha","Lymnaeidae",NA,"Lymnaea",1,"wandering pond snail (large aperture)","x010724_att23_mzb4",2,"Lymnaea peregra"
"Animalia","Mollusca","Gastropoda","Littorinimorpha","Lymnaeidae",NA,"Lymnaea",1,"wandering pond snail (large aperture)","x010724_att24_mzb5",3,"Lymnaea peregra"
"Animalia","Mollusca","Gastropoda","Littorinimorpha","Lymnaeidae",NA,"Lymnaea",1,"ear pond snail","x100724_att13_mzb1",1,"Lymnaea auricularia"
"Animalia","Mollusca","Gastropoda","Littorinimorpha","Lymnaeidae",NA,"Lymnaea",1,"ear pond snail","x010724_att23_mzb4",2,"Lymnaea auricularia"
"Animalia","Mollusca","Gastropoda","Littorinimorpha","Lymnaeidae",NA,"Lymnaea",1,"ear pond snail","x010724_att24_mzb6",2,"Lymnaea auricularia"
"Animalia","Mollusca","Gastropoda","Littorinimorpha","Lymnaeidae",NA,"Lymnaea",1,"mud pond snail (smaller spire shell)","x050724_att01_mzb1",8,"Lymnaea glabra"
"Animalia","Mollusca","Gastropoda","Littorinimorpha","Lymnaeidae",NA,"Lymnaea",1,"mud pond snail (smaller spire shell)","x040724_att06_mzb5",2,"Lymnaea glabra"
"Animalia","Mollusca","Gastropoda","Littorinimorpha","Lymnaeidae",NA,"Lymnaea",1,"mud pond snail (smaller spire shell)","x050724_att08_mzb9",3,"Lymnaea glabra"
"Animalia","Mollusca","Gastropoda","Littorinimorpha","Lymnaeidae",NA,"Lymnaea",1,"mud pond snail (smaller spire shell)","x050724_att08_mzb10",4,"Lymnaea glabra"
"Animalia","Mollusca","Gastropoda","Littorinimorpha","Lymnaeidae",NA,"Lymnaea",1,"mud pond snail (smaller spire shell)","x100724_att09_mzb9",2,"Lymnaea glabra"
"Animalia","Mollusca","Gastropoda","Littorinimorpha","Lymnaeidae",NA,"Lymnaea",1,"mud pond snail (smaller spire shell)","x100724_att09_mzb10",2,"Lymnaea glabra"
"Animalia","Mollusca","Gastropoda","Littorinimorpha","Lymnaeidae",NA,"Lymnaea",1,"mud pond snail (smaller spire shell)","x100724_att10_mzb11",4,"Lymnaea glabra"
"Animalia","Mollusca","Gastropoda","Littorinimorpha","Lymnaeidae",NA,"Lymnaea",1,"mud pond snail (smaller spire shell)","x100724_att10_mzb12",4,"Lymnaea glabra"
"Animalia","Mollusca","Gastropoda","Littorinimorpha","Lymnaeidae",NA,"Lymnaea",1,"mud pond snail (smaller spire shell)","x030724_att18_mzb2",1,"Lymnaea glabra"
"Animalia","Mollusca","Gastropoda","Littorinimorpha","Lymnaeidae",NA,"Lymnaea",1,"mud pond snail (smaller spire shell)","x030724_att19_mzb4",7,"Lymnaea glabra"
"Animalia","Mollusca","Gastropoda","Littorinimorpha","Lymnaeidae",NA,"Lymnaea",1,"mud pond snail (smaller spire shell)","x010724_att21_mzb7",1,"Lymnaea glabra"
"Animalia","Mollusca","Gastropoda","Littorinimorpha","Lymnaeidae",NA,"Lymnaea",1,"mud pond snail (smaller spire shell)","x010724_att22_mzb1",3,"Lymnaea glabra"
"Animalia","Mollusca","Gastropoda","Littorinimorpha","Lymnaeidae",NA,"Lymnaea",1,"mud pond snail (smaller spire shell)","x010724_att22_mzb2",2,"Lymnaea glabra"
"Animalia","Mollusca","Gastropoda","Littorinimorpha","Lymnaeidae",NA,"Lymnaea",1,"mud pond snail (smaller spire shell)","x010724_att23_mzb3",2,"Lymnaea glabra"
"Animalia","Mollusca","Gastropoda","Littorinimorpha","Lymnaeidae",NA,"Lymnaea",1,"mud pond snail (smaller spire shell)","x010724_att23_mzb4",6,"Lymnaea glabra"
"Animalia","Mollusca","Gastropoda","Littorinimorpha","Lymnaeidae",NA,"Lymnaea",1,"mud pond snail (smaller spire shell)","x010724_att24_mzb5",2,"Lymnaea glabra"
"Animalia","Mollusca","Gastropoda","Littorinimorpha","Lymnaeidae",NA,"Lymnaea",1,"mud pond snail (smaller spire shell)","x010724_att24_mzb6",3,"Lymnaea glabra"
"Animalia","Mollusca","Gastropoda","Littorinimorpha","Physidae",NA,"Physella",1,"bladder snail (green, shiny, spotty, fragile shell)","x050724_att01_mzb1",13,"Physella acuta"
"Animalia","Mollusca","Gastropoda","Littorinimorpha","Physidae",NA,"Physella",1,"bladder snail (green, shiny, spotty, fragile shell)","x050724_att01_mzb2",11,"Physella acuta"
"Animalia","Mollusca","Gastropoda","Littorinimorpha","Physidae",NA,"Physella",1,"bladder snail (green, shiny, spotty, fragile shell)","x050724_att02_mzb3",2,"Physella acuta"
"Animalia","Mollusca","Gastropoda","Littorinimorpha","Physidae",NA,"Physella",1,"bladder snail (green, shiny, spotty, fragile shell)","x050724_att02_mzb4",1,"Physella acuta"
"Animalia","Mollusca","Gastropoda","Littorinimorpha","Physidae",NA,"Physella",1,"bladder snail (green, shiny, spotty, fragile shell)","x050724_att03_mzb5",6,"Physella acuta"
"Animalia","Mollusca","Gastropoda","Littorinimorpha","Physidae",NA,"Physella",1,"bladder snail (green, shiny, spotty, fragile shell)","x050724_att03_mzb6",14,"Physella acuta"
"Animalia","Mollusca","Gastropoda","Littorinimorpha","Physidae",NA,"Physella",1,"bladder snail (green, shiny, spotty, fragile shell)","x050724_att04_mzb7",2,"Physella acuta"
"Animalia","Mollusca","Gastropoda","Littorinimorpha","Physidae",NA,"Physella",1,"bladder snail (green, shiny, spotty, fragile shell)","x040724_att05_mzb3",2,"Physella acuta"
"Animalia","Mollusca","Gastropoda","Littorinimorpha","Physidae",NA,"Physella",1,"bladder snail (green, shiny, spotty, fragile shell)","x040724_att05_mzb4",4,"Physella acuta"
"Animalia","Mollusca","Gastropoda","Littorinimorpha","Physidae",NA,"Physella",1,"bladder snail (green, shiny, spotty, fragile shell)","x040724_att06_mzb5",10,"Physella acuta"
"Animalia","Mollusca","Gastropoda","Littorinimorpha","Physidae",NA,"Physella",1,"bladder snail (green, shiny, spotty, fragile shell)","x040724_att06_mzb6",30,"Physella acuta"
"Animalia","Mollusca","Gastropoda","Littorinimorpha","Physidae",NA,"Physella",1,"bladder snail (green, shiny, spotty, fragile shell)","x040724_att07_mzb1",1,"Physella acuta"
"Animalia","Mollusca","Gastropoda","Littorinimorpha","Physidae",NA,"Physella",1,"bladder snail (green, shiny, spotty, fragile shell)","x040724_att07_mzb2",2,"Physella acuta"
"Animalia","Mollusca","Gastropoda","Littorinimorpha","Physidae",NA,"Physella",1,"bladder snail (green, shiny, spotty, fragile shell)","x050724_att08_mzb9",26,"Physella acuta"
"Animalia","Mollusca","Gastropoda","Littorinimorpha","Physidae",NA,"Physella",1,"bladder snail (green, shiny, spotty, fragile shell)","x050724_att08_mzb10",10,"Physella acuta"
"Animalia","Mollusca","Gastropoda","Littorinimorpha","Physidae",NA,"Physella",1,"bladder snail (green, shiny, spotty, fragile shell)","x100724_att09_mzb9",12,"Physella acuta"
"Animalia","Mollusca","Gastropoda","Littorinimorpha","Physidae",NA,"Physella",1,"bladder snail (green, shiny, spotty, fragile shell)","x100724_att09_mzb10",6,"Physella acuta"
"Animalia","Mollusca","Gastropoda","Littorinimorpha","Physidae",NA,"Physella",1,"bladder snail (green, shiny, spotty, fragile shell)","x100724_att10_mzb11",13,"Physella acuta"
"Animalia","Mollusca","Gastropoda","Littorinimorpha","Physidae",NA,"Physella",1,"bladder snail (green, shiny, spotty, fragile shell)","x100724_att10_mzb12",11,"Physella acuta"
"Animalia","Mollusca","Gastropoda","Littorinimorpha","Physidae",NA,"Physella",1,"bladder snail (green, shiny, spotty, fragile shell)","x100724_att11_mzb8",1,"Physella acuta"
"Animalia","Mollusca","Gastropoda","Littorinimorpha","Physidae",NA,"Physella",1,"bladder snail (green, shiny, spotty, fragile shell)","x020724_att15_mzb1",14,"Physella acuta"
"Animalia","Mollusca","Gastropoda","Littorinimorpha","Physidae",NA,"Physella",1,"bladder snail (green, shiny, spotty, fragile shell)","x020724_att16_mzb3",6,"Physella acuta"
"Animalia","Mollusca","Gastropoda","Littorinimorpha","Physidae",NA,"Physella",1,"bladder snail (green, shiny, spotty, fragile shell)","x020724_att16_mzb4",2,"Physella acuta"
"Animalia","Mollusca","Gastropoda","Littorinimorpha","Physidae",NA,"Physella",1,"bladder snail (green, shiny, spotty, fragile shell)","x030724_att18_mzb1",2,"Physella acuta"
"Animalia","Mollusca","Gastropoda","Littorinimorpha","Physidae",NA,"Physella",1,"bladder snail (green, shiny, spotty, fragile shell)","x030724_att19_mzb3",8,"Physella acuta"
"Animalia","Mollusca","Gastropoda","Littorinimorpha","Physidae",NA,"Physella",1,"bladder snail (green, shiny, spotty, fragile shell)","x030724_att19_mzb4",9,"Physella acuta"
"Animalia","Mollusca","Gastropoda","Littorinimorpha","Physidae",NA,"Physella",1,"bladder snail (green, shiny, spotty, fragile shell)","x030724_att20_mzb5",2,"Physella acuta"
"Animalia","Mollusca","Gastropoda","Littorinimorpha","Physidae",NA,"Physella",1,"bladder snail (green, shiny, spotty, fragile shell)","x030724_att20_mzb6",1,"Physella acuta"
"Animalia","Mollusca","Gastropoda","Littorinimorpha","Physidae",NA,"Physella",1,"bladder snail (green, shiny, spotty, fragile shell)","x010724_att21_mzb7",3,"Physella acuta"
"Animalia","Mollusca","Gastropoda","Littorinimorpha","Physidae",NA,"Physella",1,"bladder snail (green, shiny, spotty, fragile shell)","x010724_att21_mzb8",2,"Physella acuta"
"Animalia","Mollusca","Gastropoda","Littorinimorpha","Physidae",NA,"Physella",1,"bladder snail (green, shiny, spotty, fragile shell)","x010724_att22_mzb1",26,"Physella acuta"
"Animalia","Mollusca","Gastropoda","Littorinimorpha","Physidae",NA,"Physella",1,"bladder snail (green, shiny, spotty, fragile shell)","x010724_att22_mzb2",33,"Physella acuta"
"Animalia","Mollusca","Gastropoda","Littorinimorpha","Physidae",NA,"Physella",1,"bladder snail (green, shiny, spotty, fragile shell)","x010724_att23_mzb3",8,"Physella acuta"
"Animalia","Mollusca","Gastropoda","Littorinimorpha","Physidae",NA,"Physella",1,"bladder snail (green, shiny, spotty, fragile shell)","x010724_att23_mzb4",8,"Physella acuta"
"Animalia","Mollusca","Gastropoda","Littorinimorpha","Physidae",NA,"Physella",1,"bladder snail (green, shiny, spotty, fragile shell)","x010724_att24_mzb5",11,"Physella acuta"
"Animalia","Mollusca","Gastropoda","Littorinimorpha","Physidae",NA,"Physella",1,"bladder snail (green, shiny, spotty, fragile shell)","x010724_att24_mzb6",6,"Physella acuta"
"Animalia","Mollusca","Gastropoda","Littorinimorpha","Physidae",NA,"Physella",1,"bladder snail (cream, sinistral shell)","x050724_att01_mzb1",3,"Physa fontinalis"
"Animalia","Mollusca","Gastropoda","Littorinimorpha","Physidae",NA,"Physella",1,"bladder snail (cream, sinistral shell)","x050724_att03_mzb6",1,"Physa fontinalis"
"Animalia","Mollusca","Gastropoda","Littorinimorpha","Physidae",NA,"Physella",1,"bladder snail (cream, sinistral shell)","x050724_att04_mzb8",2,"Physa fontinalis"
"Animalia","Mollusca","Gastropoda","Littorinimorpha","Physidae",NA,"Physella",1,"bladder snail (cream, sinistral shell)","x040724_att06_mzb5",1,"Physa fontinalis"
"Animalia","Mollusca","Gastropoda","Littorinimorpha","Physidae",NA,"Physella",1,"bladder snail (cream, sinistral shell)","x100724_att09_mzb9",3,"Physa fontinalis"
"Animalia","Mollusca","Gastropoda","Littorinimorpha","Physidae",NA,"Physella",1,"bladder snail (cream, sinistral shell)","x100724_att12_mzb3",1,"Physa fontinalis"
"Animalia","Mollusca","Gastropoda","Littorinimorpha","Physidae",NA,"Physella",1,"bladder snail (cream, sinistral shell)","x100724_att13_mzb2",3,"Physa fontinalis"
"Animalia","Mollusca","Gastropoda","Littorinimorpha","Physidae",NA,"Physella",1,"bladder snail (cream, sinistral shell)","x100724_att14_mzb6",1,"Physa fontinalis"
"Animalia","Mollusca","Gastropoda","Littorinimorpha","Physidae",NA,"Physella",1,"bladder snail (cream, sinistral shell)","x020724_att16_mzb3",1,"Physa fontinalis"
"Animalia","Mollusca","Gastropoda","Littorinimorpha","Physidae",NA,"Physella",1,"bladder snail (cream, sinistral shell)","x020724_att16_mzb4",4,"Physa fontinalis"
"Animalia","Mollusca","Gastropoda","Littorinimorpha","Physidae",NA,"Physella",1,"bladder snail (cream, sinistral shell)","x020724_att17_mzb5",1,"Physa fontinalis"
"Animalia","Mollusca","Gastropoda","Littorinimorpha","Physidae",NA,"Physella",1,"bladder snail (cream, sinistral shell)","x010724_att21_mzb8",3,"Physa fontinalis"
"Animalia","Mollusca","Gastropoda","Littorinimorpha","Physidae",NA,"Physella",1,"bladder snail (cream, sinistral shell)","x010724_att22_mzb1",1,"Physa fontinalis"
"Animalia","Mollusca","Gastropoda","Littorinimorpha","Physidae",NA,"Physella",1,"bladder snail (cream, sinistral shell)","x010724_att23_mzb3",1,"Physa fontinalis"
"Animalia","Mollusca","Gastropoda","Littorinimorpha","Physidae",NA,"Physella",1,"bladder snail (cream, sinistral shell)","x010724_att23_mzb4",1,"Physa fontinalis"
"Animalia","Mollusca","Gastropoda","Littorinimorpha","Physidae",NA,"Physella",1,"bladder snail (cream, sinistral shell)","x010724_att24_mzb5",1,"Physa fontinalis"
"Animalia","Mollusca","Gastropoda","Littorinimorpha","Physidae",NA,"Physella",1,"bladder snail (cream, sinistral shell)","x010724_att24_mzb6",3,"Physa fontinalis"
"Animalia","Mollusca","Gastropoda","Littorinimorpha","Planorbidae",NA,"Gyraulus",1,"Nautilus ramshorn","x050724_att01_mzb1",20,"Armiger crista"
"Animalia","Mollusca","Gastropoda","Littorinimorpha","Planorbidae",NA,"Gyraulus",1,"Nautilus ramshorn","x050724_att01_mzb2",6,"Armiger crista"
"Animalia","Mollusca","Gastropoda","Littorinimorpha","Planorbidae",NA,"Gyraulus",1,"Nautilus ramshorn","x050724_att03_mzb6",7,"Armiger crista"
"Animalia","Mollusca","Gastropoda","Littorinimorpha","Planorbidae",NA,"Gyraulus",1,"Nautilus ramshorn","x050724_att04_mzb7",3,"Armiger crista"
"Animalia","Mollusca","Gastropoda","Littorinimorpha","Planorbidae",NA,"Gyraulus",1,"Nautilus ramshorn","x050724_att04_mzb8",3,"Armiger crista"
"Animalia","Mollusca","Gastropoda","Littorinimorpha","Planorbidae",NA,"Gyraulus",1,"Nautilus ramshorn","x040724_att06_mzb5",4,"Armiger crista"
"Animalia","Mollusca","Gastropoda","Littorinimorpha","Planorbidae",NA,"Gyraulus",1,"Nautilus ramshorn","x040724_att06_mzb6",4,"Armiger crista"
"Animalia","Mollusca","Gastropoda","Littorinimorpha","Planorbidae",NA,"Gyraulus",1,"Nautilus ramshorn","x040724_att07_mzb1",1,"Armiger crista"
"Animalia","Mollusca","Gastropoda","Littorinimorpha","Planorbidae",NA,"Gyraulus",1,"Nautilus ramshorn","x040724_att07_mzb2",1,"Armiger crista"
"Animalia","Mollusca","Gastropoda","Littorinimorpha","Planorbidae",NA,"Gyraulus",1,"Nautilus ramshorn","x050724_att08_mzb9",4,"Armiger crista"
"Animalia","Mollusca","Gastropoda","Littorinimorpha","Planorbidae",NA,"Gyraulus",1,"Nautilus ramshorn","x100724_att09_mzb9",2,"Armiger crista"
"Animalia","Mollusca","Gastropoda","Littorinimorpha","Planorbidae",NA,"Gyraulus",1,"Nautilus ramshorn","x100724_att10_mzb11",3,"Armiger crista"
"Animalia","Mollusca","Gastropoda","Littorinimorpha","Planorbidae",NA,"Gyraulus",1,"Nautilus ramshorn","x100724_att10_mzb12",4,"Armiger crista"
"Animalia","Mollusca","Gastropoda","Littorinimorpha","Planorbidae",NA,"Gyraulus",1,"Nautilus ramshorn","x100724_att11_mzb7",1,"Armiger crista"
"Animalia","Mollusca","Gastropoda","Littorinimorpha","Planorbidae",NA,"Gyraulus",1,"Nautilus ramshorn","x100724_att12_mzb3",2,"Armiger crista"
"Animalia","Mollusca","Gastropoda","Littorinimorpha","Planorbidae",NA,"Gyraulus",1,"Nautilus ramshorn","x100724_att12_mzb4",2,"Armiger crista"
"Animalia","Mollusca","Gastropoda","Littorinimorpha","Planorbidae",NA,"Gyraulus",1,"Nautilus ramshorn","x030724_att18_mzb1",1,"Armiger crista"
"Animalia","Mollusca","Gastropoda","Littorinimorpha","Planorbidae",NA,"Gyraulus",1,"Nautilus ramshorn","x030724_att18_mzb2",1,"Armiger crista"
"Animalia","Mollusca","Gastropoda","Littorinimorpha","Planorbidae",NA,"Gyraulus",1,"Nautilus ramshorn","x030724_att19_mzb3",1,"Armiger crista"
"Animalia","Mollusca","Gastropoda","Littorinimorpha","Planorbidae",NA,"Gyraulus",1,"Nautilus ramshorn","x010724_att21_mzb7",1,"Armiger crista"
"Animalia","Mollusca","Gastropoda","Littorinimorpha","Planorbidae",NA,"Gyraulus",1,"Nautilus ramshorn","x010724_att21_mzb8",2,"Armiger crista"
"Animalia","Mollusca","Gastropoda","Littorinimorpha","Planorbidae",NA,"Gyraulus",1,"Nautilus ramshorn","x010724_att22_mzb1",1,"Armiger crista"
"Animalia","Mollusca","Gastropoda","Littorinimorpha","Planorbidae",NA,"Gyraulus",1,"Nautilus ramshorn","x010724_att22_mzb2",5,"Armiger crista"
"Animalia","Mollusca","Gastropoda","Littorinimorpha","Planorbidae",NA,"Gyraulus",1,"Nautilus ramshorn","x010724_att23_mzb3",6,"Armiger crista"
"Animalia","Mollusca","Gastropoda","Littorinimorpha","Planorbidae",NA,"Gyraulus",1,"Nautilus ramshorn","x010724_att24_mzb5",2,"Armiger crista"
"Animalia","Mollusca","Gastropoda","Littorinimorpha","Planorbidae",NA,"Gyraulus",1,"Nautilus ramshorn","x010724_att24_mzb6",1,"Armiger crista"
"Animalia","Mollusca","Gastropoda","Littorinimorpha","Planorbidae",NA,"Planorbarius",1,"great ramshorn","x050724_att01_mzb1",4,"Planobarius corneus"
"Animalia","Mollusca","Gastropoda","Littorinimorpha","Planorbidae",NA,"Planorbarius",1,"great ramshorn","x050724_att03_mzb6",3,"Planobarius corneus"
"Animalia","Mollusca","Gastropoda","Littorinimorpha","Planorbidae",NA,"Planorbarius",1,"great ramshorn","x050724_att08_mzb9",1,"Planobarius corneus"
"Animalia","Mollusca","Gastropoda","Littorinimorpha","Planorbidae",NA,"Planorbarius",1,"great ramshorn","x050724_att08_mzb10",2,"Planobarius corneus"
"Animalia","Mollusca","Gastropoda","Littorinimorpha","Planorbidae",NA,"Planorbarius",1,"great ramshorn","x100724_att09_mzb9",2,"Planobarius corneus"
"Animalia","Mollusca","Gastropoda","Littorinimorpha","Planorbidae",NA,"Planorbarius",1,"great ramshorn","x100724_att09_mzb10",2,"Planobarius corneus"
"Animalia","Mollusca","Gastropoda","Littorinimorpha","Planorbidae",NA,"Planorbarius",1,"great ramshorn","x100724_att12_mzb3",1,"Planobarius corneus"
"Animalia","Mollusca","Gastropoda","Littorinimorpha","Planorbidae",NA,"Planorbarius",1,"great ramshorn","x030724_att19_mzb3",12,"Planobarius corneus"
"Animalia","Mollusca","Gastropoda","Littorinimorpha","Planorbidae",NA,"Planorbarius",1,"great ramshorn","x030724_att19_mzb4",11,"Planobarius corneus"
"Animalia","Mollusca","Gastropoda","Littorinimorpha","Planorbidae",NA,"Planorbarius",1,"great ramshorn","x030724_att20_mzb5",1,"Planobarius corneus"
"Animalia","Mollusca","Gastropoda","Littorinimorpha","Planorbidae",NA,"Planorbarius",1,"great ramshorn","x030724_att20_mzb6",2,"Planobarius corneus"
"Animalia","Mollusca","Gastropoda","Littorinimorpha","Planorbidae",NA,"Planorbarius",1,"great ramshorn","x010724_att21_mzb7",3,"Planobarius corneus"
"Animalia","Mollusca","Gastropoda","Littorinimorpha","Planorbidae",NA,"Planorbarius",1,"great ramshorn","x010724_att21_mzb8",1,"Planobarius corneus"
"Animalia","Mollusca","Gastropoda","Littorinimorpha","Planorbidae",NA,"Planorbarius",1,"great ramshorn","x010724_att22_mzb1",8,"Planobarius corneus"
"Animalia","Mollusca","Gastropoda","Littorinimorpha","Planorbidae",NA,"Planorbarius",1,"great ramshorn","x010724_att22_mzb2",15,"Planobarius corneus"
"Animalia","Mollusca","Gastropoda","Littorinimorpha","Planorbidae",NA,"Planorbarius",1,"great ramshorn","x010724_att24_mzb5",1,"Planobarius corneus"
"Animalia","Mollusca","Gastropoda","Littorinimorpha","Planorbidae",NA,NA,1,"small flat brown ramshorn","x050724_att01_mzb1",40,"Planorbidae"
"Animalia","Mollusca","Gastropoda","Littorinimorpha","Planorbidae",NA,NA,1,"small flat brown ramshorn","x050724_att01_mzb2",31,"Planorbidae"
"Animalia","Mollusca","Gastropoda","Littorinimorpha","Planorbidae",NA,NA,1,"small flat brown ramshorn","x050724_att02_mzb3",12,"Planorbidae"
"Animalia","Mollusca","Gastropoda","Littorinimorpha","Planorbidae",NA,NA,1,"small flat brown ramshorn","x050724_att02_mzb4",2,"Planorbidae"
"Animalia","Mollusca","Gastropoda","Littorinimorpha","Planorbidae",NA,NA,1,"small flat brown ramshorn","x050724_att03_mzb5",12,"Planorbidae"
"Animalia","Mollusca","Gastropoda","Littorinimorpha","Planorbidae",NA,NA,1,"small flat brown ramshorn","x050724_att03_mzb6",6,"Planorbidae"
"Animalia","Mollusca","Gastropoda","Littorinimorpha","Planorbidae",NA,NA,1,"small flat brown ramshorn","x050724_att04_mzb7",5,"Planorbidae"
"Animalia","Mollusca","Gastropoda","Littorinimorpha","Planorbidae",NA,NA,1,"small flat brown ramshorn","x050724_att04_mzb8",3,"Planorbidae"
"Animalia","Mollusca","Gastropoda","Littorinimorpha","Planorbidae",NA,NA,1,"small flat brown ramshorn","x040724_att05_mzb3",7,"Planorbidae"
"Animalia","Mollusca","Gastropoda","Littorinimorpha","Planorbidae",NA,NA,1,"small flat brown ramshorn","x040724_att05_mzb4",3,"Planorbidae"
"Animalia","Mollusca","Gastropoda","Littorinimorpha","Planorbidae",NA,NA,1,"small flat brown ramshorn","x040724_att06_mzb5",5,"Planorbidae"
"Animalia","Mollusca","Gastropoda","Littorinimorpha","Planorbidae",NA,NA,1,"small flat brown ramshorn","x040724_att06_mzb6",4,"Planorbidae"
"Animalia","Mollusca","Gastropoda","Littorinimorpha","Planorbidae",NA,NA,1,"small flat brown ramshorn","x040724_att07_mzb1",1,"Planorbidae"
"Animalia","Mollusca","Gastropoda","Littorinimorpha","Planorbidae",NA,NA,1,"small flat brown ramshorn","x050724_att08_mzb9",3,"Planorbidae"
"Animalia","Mollusca","Gastropoda","Littorinimorpha","Planorbidae",NA,NA,1,"small flat brown ramshorn","x100724_att09_mzb9",5,"Planorbidae"
"Animalia","Mollusca","Gastropoda","Littorinimorpha","Planorbidae",NA,NA,1,"small flat brown ramshorn","x100724_att09_mzb10",2,"Planorbidae"
"Animalia","Mollusca","Gastropoda","Littorinimorpha","Planorbidae",NA,NA,1,"small flat brown ramshorn","x100724_att10_mzb11",22,"Planorbidae"
"Animalia","Mollusca","Gastropoda","Littorinimorpha","Planorbidae",NA,NA,1,"small flat brown ramshorn","x100724_att10_mzb12",14,"Planorbidae"
"Animalia","Mollusca","Gastropoda","Littorinimorpha","Planorbidae",NA,NA,1,"small flat brown ramshorn","x100724_att11_mzb7",10,"Planorbidae"
"Animalia","Mollusca","Gastropoda","Littorinimorpha","Planorbidae",NA,NA,1,"small flat brown ramshorn","x100724_att11_mzb8",8,"Planorbidae"
"Animalia","Mollusca","Gastropoda","Littorinimorpha","Planorbidae",NA,NA,1,"small flat brown ramshorn","x100724_att12_mzb3",10,"Planorbidae"
"Animalia","Mollusca","Gastropoda","Littorinimorpha","Planorbidae",NA,NA,1,"small flat brown ramshorn","x100724_att12_mzb4",15,"Planorbidae"
"Animalia","Mollusca","Gastropoda","Littorinimorpha","Planorbidae",NA,NA,1,"small flat brown ramshorn","x100724_att13_mzb1",4,"Planorbidae"
"Animalia","Mollusca","Gastropoda","Littorinimorpha","Planorbidae",NA,NA,1,"small flat brown ramshorn","x100724_att13_mzb2",6,"Planorbidae"
"Animalia","Mollusca","Gastropoda","Littorinimorpha","Planorbidae",NA,NA,1,"small flat brown ramshorn","x100724_att14_mzb5",8,"Planorbidae"
"Animalia","Mollusca","Gastropoda","Littorinimorpha","Planorbidae",NA,NA,1,"small flat brown ramshorn","x100724_att14_mzb6",5,"Planorbidae"
"Animalia","Mollusca","Gastropoda","Littorinimorpha","Planorbidae",NA,NA,1,"small flat brown ramshorn","x020724_att15_mzb2",1,"Planorbidae"
"Animalia","Mollusca","Gastropoda","Littorinimorpha","Planorbidae",NA,NA,1,"small flat brown ramshorn","x030724_att18_mzb1",3,"Planorbidae"
"Animalia","Mollusca","Gastropoda","Littorinimorpha","Planorbidae",NA,NA,1,"small flat brown ramshorn","x030724_att18_mzb2",1,"Planorbidae"
"Animalia","Mollusca","Gastropoda","Littorinimorpha","Planorbidae",NA,NA,1,"small flat brown ramshorn","x030724_att19_mzb3",14,"Planorbidae"
"Animalia","Mollusca","Gastropoda","Littorinimorpha","Planorbidae",NA,NA,1,"small flat brown ramshorn","x030724_att19_mzb4",19,"Planorbidae"
"Animalia","Mollusca","Gastropoda","Littorinimorpha","Planorbidae",NA,NA,1,"small flat brown ramshorn","x030724_att20_mzb5",3,"Planorbidae"
"Animalia","Mollusca","Gastropoda","Littorinimorpha","Planorbidae",NA,NA,1,"small flat brown ramshorn","x030724_att20_mzb6",1,"Planorbidae"
"Animalia","Mollusca","Gastropoda","Littorinimorpha","Planorbidae",NA,NA,1,"small flat brown ramshorn","x010724_att21_mzb7",3,"Planorbidae"
"Animalia","Mollusca","Gastropoda","Littorinimorpha","Planorbidae",NA,NA,1,"small flat brown ramshorn","x010724_att21_mzb8",7,"Planorbidae"
"Animalia","Mollusca","Gastropoda","Littorinimorpha","Planorbidae",NA,NA,1,"small flat brown ramshorn","x010724_att22_mzb1",13,"Planorbidae"
"Animalia","Mollusca","Gastropoda","Littorinimorpha","Planorbidae",NA,NA,1,"small flat brown ramshorn","x010724_att22_mzb2",7,"Planorbidae"
"Animalia","Mollusca","Gastropoda","Littorinimorpha","Planorbidae",NA,NA,1,"small flat brown ramshorn","x010724_att23_mzb3",5,"Planorbidae"
"Animalia","Mollusca","Gastropoda","Littorinimorpha","Planorbidae",NA,NA,1,"small flat brown ramshorn","x010724_att23_mzb4",7,"Planorbidae"
"Animalia","Mollusca","Gastropoda","Littorinimorpha","Planorbidae",NA,NA,1,"small flat brown ramshorn","x010724_att24_mzb5",8,"Planorbidae"
"Animalia","Mollusca","Gastropoda","Littorinimorpha","Planorbidae",NA,NA,1,"small, thicker, ramshorn","x050724_att01_mzb1",6,"Planorbidae"
"Animalia","Mollusca","Gastropoda","Littorinimorpha","Planorbidae",NA,NA,1,"small, thicker, ramshorn","x050724_att01_mzb2",2,"Planorbidae"
"Animalia","Mollusca","Gastropoda","Littorinimorpha","Planorbidae",NA,NA,1,"small, thicker, ramshorn","x050724_att02_mzb4",1,"Planorbidae"
"Animalia","Mollusca","Gastropoda","Littorinimorpha","Planorbidae",NA,NA,1,"small, thicker, ramshorn","x050724_att03_mzb6",6,"Planorbidae"
"Animalia","Mollusca","Gastropoda","Littorinimorpha","Planorbidae",NA,NA,1,"small, thicker, ramshorn","x050724_att04_mzb7",5,"Planorbidae"
"Animalia","Mollusca","Gastropoda","Littorinimorpha","Planorbidae",NA,NA,1,"small, thicker, ramshorn","x050724_att04_mzb8",2,"Planorbidae"
"Animalia","Mollusca","Gastropoda","Littorinimorpha","Planorbidae",NA,NA,1,"small, thicker, ramshorn","x040724_att05_mzb3",1,"Planorbidae"
"Animalia","Mollusca","Gastropoda","Littorinimorpha","Planorbidae",NA,NA,1,"small, thicker, ramshorn","x040724_att06_mzb5",3,"Planorbidae"
"Animalia","Mollusca","Gastropoda","Littorinimorpha","Planorbidae",NA,NA,1,"small, thicker, ramshorn","x040724_att06_mzb6",3,"Planorbidae"
"Animalia","Mollusca","Gastropoda","Littorinimorpha","Planorbidae",NA,NA,1,"small, thicker, ramshorn","x040724_att07_mzb1",2,"Planorbidae"
"Animalia","Mollusca","Gastropoda","Littorinimorpha","Planorbidae",NA,NA,1,"small, thicker, ramshorn","x050724_att08_mzb9",8,"Planorbidae"
"Animalia","Mollusca","Gastropoda","Littorinimorpha","Planorbidae",NA,NA,1,"small, thicker, ramshorn","x100724_att09_mzb9",4,"Planorbidae"
"Animalia","Mollusca","Gastropoda","Littorinimorpha","Planorbidae",NA,NA,1,"small, thicker, ramshorn","x100724_att09_mzb10",5,"Planorbidae"
"Animalia","Mollusca","Gastropoda","Littorinimorpha","Planorbidae",NA,NA,1,"small, thicker, ramshorn","x100724_att10_mzb11",8,"Planorbidae"
"Animalia","Mollusca","Gastropoda","Littorinimorpha","Planorbidae",NA,NA,1,"small, thicker, ramshorn","x100724_att10_mzb12",5,"Planorbidae"
"Animalia","Mollusca","Gastropoda","Littorinimorpha","Planorbidae",NA,NA,1,"small, thicker, ramshorn","x100724_att11_mzb7",5,"Planorbidae"
"Animalia","Mollusca","Gastropoda","Littorinimorpha","Planorbidae",NA,NA,1,"small, thicker, ramshorn","x100724_att11_mzb8",4,"Planorbidae"
"Animalia","Mollusca","Gastropoda","Littorinimorpha","Planorbidae",NA,NA,1,"small, thicker, ramshorn","x100724_att12_mzb3",11,"Planorbidae"
"Animalia","Mollusca","Gastropoda","Littorinimorpha","Planorbidae",NA,NA,1,"small, thicker, ramshorn","x100724_att12_mzb4",3,"Planorbidae"
"Animalia","Mollusca","Gastropoda","Littorinimorpha","Planorbidae",NA,NA,1,"small, thicker, ramshorn","x100724_att13_mzb1",3,"Planorbidae"
"Animalia","Mollusca","Gastropoda","Littorinimorpha","Planorbidae",NA,NA,1,"small, thicker, ramshorn","x100724_att14_mzb5",2,"Planorbidae"
"Animalia","Mollusca","Gastropoda","Littorinimorpha","Planorbidae",NA,NA,1,"small, thicker, ramshorn","x020724_att15_mzb1",3,"Planorbidae"
"Animalia","Mollusca","Gastropoda","Littorinimorpha","Planorbidae",NA,NA,1,"small, thicker, ramshorn","x020724_att16_mzb3",6,"Planorbidae"
"Animalia","Mollusca","Gastropoda","Littorinimorpha","Planorbidae",NA,NA,1,"small, thicker, ramshorn","x020724_att16_mzb4",2,"Planorbidae"
"Animalia","Mollusca","Gastropoda","Littorinimorpha","Planorbidae",NA,NA,1,"small, thicker, ramshorn","x020724_att17_mzb5",2,"Planorbidae"
"Animalia","Mollusca","Gastropoda","Littorinimorpha","Planorbidae",NA,NA,1,"small, thicker, ramshorn","x020724_att17_mzb6",2,"Planorbidae"
"Animalia","Mollusca","Gastropoda","Littorinimorpha","Planorbidae",NA,NA,1,"small, thicker, ramshorn","x030724_att18_mzb1",18,"Planorbidae"
"Animalia","Mollusca","Gastropoda","Littorinimorpha","Planorbidae",NA,NA,1,"small, thicker, ramshorn","x030724_att18_mzb2",11,"Planorbidae"
"Animalia","Mollusca","Gastropoda","Littorinimorpha","Planorbidae",NA,NA,1,"small, thicker, ramshorn","x030724_att19_mzb3",23,"Planorbidae"
"Animalia","Mollusca","Gastropoda","Littorinimorpha","Planorbidae",NA,NA,1,"small, thicker, ramshorn","x030724_att19_mzb4",8,"Planorbidae"
"Animalia","Mollusca","Gastropoda","Littorinimorpha","Planorbidae",NA,NA,1,"small, thicker, ramshorn","x030724_att20_mzb5",3,"Planorbidae"
"Animalia","Mollusca","Gastropoda","Littorinimorpha","Planorbidae",NA,NA,1,"small, thicker, ramshorn","x010724_att21_mzb7",4,"Planorbidae"
"Animalia","Mollusca","Gastropoda","Littorinimorpha","Planorbidae",NA,NA,1,"small, thicker, ramshorn","x010724_att21_mzb8",8,"Planorbidae"
"Animalia","Mollusca","Gastropoda","Littorinimorpha","Planorbidae",NA,NA,1,"small, thicker, ramshorn","x010724_att22_mzb1",12,"Planorbidae"
"Animalia","Mollusca","Gastropoda","Littorinimorpha","Planorbidae",NA,NA,1,"small, thicker, ramshorn","x010724_att22_mzb2",17,"Planorbidae"
"Animalia","Mollusca","Gastropoda","Littorinimorpha","Planorbidae",NA,NA,1,"small, thicker, ramshorn","x010724_att23_mzb3",7,"Planorbidae"
"Animalia","Mollusca","Gastropoda","Littorinimorpha","Planorbidae",NA,NA,1,"small, thicker, ramshorn","x010724_att23_mzb4",7,"Planorbidae"
"Animalia","Mollusca","Gastropoda","Littorinimorpha","Planorbidae",NA,NA,1,"small, thicker, ramshorn","x010724_att24_mzb5",8,"Planorbidae"
"Animalia","Mollusca","Gastropoda","Littorinimorpha","Planorbidae",NA,NA,1,"small, thicker, ramshorn","x010724_att24_mzb6",1,"Planorbidae"
"Animalia","Mollusca","Gastropoda","Littorinimorpha","Valvatidae",NA,"Valvata",1,"valve snails","x050724_att01_mzb1",2,"Valvata"
"Animalia","Mollusca","Gastropoda","Littorinimorpha","Valvatidae",NA,"Valvata",1,"valve snails","x050724_att03_mzb5",2,"Valvata"
"Animalia","Mollusca","Gastropoda","Littorinimorpha","Valvatidae",NA,"Valvata",1,"valve snails","x050724_att04_mzb7",1,"Valvata"
"Animalia","Mollusca","Gastropoda","Littorinimorpha","Valvatidae",NA,"Valvata",1,"valve snails","x040724_att06_mzb5",12,"Valvata"
"Animalia","Mollusca","Gastropoda","Littorinimorpha","Valvatidae",NA,"Valvata",1,"valve snails","x100724_att09_mzb9",1,"Valvata"
"Animalia","Mollusca","Gastropoda","Littorinimorpha","Valvatidae",NA,"Valvata",1,"valve snails","x100724_att10_mzb11",1,"Valvata"
"Animalia","Mollusca","Gastropoda","Littorinimorpha","Valvatidae",NA,"Valvata",1,"valve snails","x100724_att10_mzb12",1,"Valvata"
"Animalia","Mollusca","Gastropoda","Littorinimorpha","Valvatidae",NA,"Valvata",1,"valve snails","x100724_att12_mzb4",1,"Valvata"
"Animalia","Mollusca","Gastropoda","Littorinimorpha","Valvatidae",NA,"Valvata",1,"valve snails","x100724_att13_mzb1",1,"Valvata"
"Animalia","Mollusca","Gastropoda","Littorinimorpha","Valvatidae",NA,"Valvata",1,"valve snails","x100724_att13_mzb2",2,"Valvata"
"Animalia","Mollusca","Gastropoda","Littorinimorpha","Valvatidae",NA,"Valvata",1,"valve snails","x020724_att16_mzb4",2,"Valvata"
"Animalia","Mollusca","Gastropoda","Littorinimorpha","Valvatidae",NA,"Valvata",1,"valve snails","x030724_att18_mzb2",1,"Valvata"
"Animalia","Mollusca","Gastropoda","Littorinimorpha","Valvatidae",NA,"Valvata",1,"valve snails","x030724_att19_mzb3",1,"Valvata"
"Animalia","Mollusca","Gastropoda","Littorinimorpha","Valvatidae",NA,"Valvata",1,"valve snails","x010724_att21_mzb7",17,"Valvata"
"Animalia","Mollusca","Gastropoda","Littorinimorpha","Valvatidae",NA,"Valvata",1,"valve snails","x010724_att21_mzb8",5,"Valvata"
"Animalia","Mollusca","Gastropoda","Littorinimorpha","Valvatidae",NA,"Valvata",1,"valve snails","x010724_att22_mzb1",2,"Valvata"
"Animalia","Mollusca","Gastropoda","Littorinimorpha","Valvatidae",NA,"Valvata",1,"valve snails","x010724_att22_mzb2",1,"Valvata"
"Animalia","Mollusca","Gastropoda","Littorinimorpha","Valvatidae",NA,"Valvata",1,"valve snails","x010724_att24_mzb5",1,"Valvata"
"Animalia","Mollusca","Gastropoda","Littorinimorpha","Valvatidae",NA,"Valvata",1,"valve snails","x010724_att24_mzb6",1,"Valvata"
"Animalia","Mollusca","Gastropoda","Littorinimorpha","Valvatidae",NA,"Valvata",1,"flat valve snails","x050724_att02_mzb3",1,"Valvata cristata"
"Animalia","Mollusca","Gastropoda","Littorinimorpha","Valvatidae",NA,"Valvata",1,"flat valve snails","x050724_att03_mzb5",3,"Valvata cristata"
"Animalia","Mollusca","Gastropoda","Littorinimorpha","Valvatidae",NA,"Valvata",1,"flat valve snails","x050724_att03_mzb6",1,"Valvata cristata"
"Animalia","Mollusca","Gastropoda","Littorinimorpha","Valvatidae",NA,"Valvata",1,"flat valve snails","x040724_att06_mzb6",2,"Valvata cristata"
"Animalia","Mollusca","Gastropoda","Littorinimorpha","Valvatidae",NA,"Valvata",1,"flat valve snails","x100724_att09_mzb9",1,"Valvata cristata"
"Animalia","Mollusca","Gastropoda","Littorinimorpha","Valvatidae",NA,"Valvata",1,"flat valve snails","x100724_att10_mzb11",1,"Valvata cristata"
"Animalia","Mollusca","Gastropoda","Littorinimorpha","Valvatidae",NA,"Valvata",1,"flat valve snails","x100724_att11_mzb8",2,"Valvata cristata"
"Animalia","Mollusca","Gastropoda","Littorinimorpha","Valvatidae",NA,"Valvata",1,"flat valve snails","x100724_att14_mzb6",2,"Valvata cristata"
"Animalia","Mollusca","Gastropoda","Littorinimorpha","Valvatidae",NA,"Valvata",1,"flat valve snails","x020724_att16_mzb4",1,"Valvata cristata"
"Animalia","Mollusca","Gastropoda","Littorinimorpha","Valvatidae",NA,"Valvata",1,"flat valve snails","x030724_att18_mzb2",1,"Valvata cristata"
"Animalia","Mollusca","Gastropoda","Littorinimorpha","Valvatidae",NA,"Valvata",1,"flat valve snails","x030724_att20_mzb6",1,"Valvata cristata"
"Animalia","Mollusca","Gastropoda","Littorinimorpha","Valvatidae",NA,"Valvata",1,"flat valve snails","x010724_att21_mzb7",2,"Valvata cristata"
"Animalia","Mollusca","Gastropoda","Littorinimorpha","Valvatidae",NA,"Valvata",1,"flat valve snails","x010724_att21_mzb8",2,"Valvata cristata"
"Animalia","Mollusca","Gastropoda","Littorinimorpha","Valvatidae",NA,"Valvata",1,"flat valve snails","x010724_att23_mzb3",2,"Valvata cristata"
"Animalia","Mollusca","Gastropoda","Littorinimorpha","Valvatidae",NA,"Valvata",1,"flat valve snails","x010724_att23_mzb4",2,"Valvata cristata"
"Animalia","Mollusca","Gastropoda","Littorinimorpha","Hydrobiidae",NA,NA,1,"small spire shells","x050724_att01_mzb1",14,"Hydrobiidae"
"Animalia","Mollusca","Gastropoda","Littorinimorpha","Hydrobiidae",NA,NA,1,"small spire shells","x050724_att01_mzb2",6,"Hydrobiidae"
"Animalia","Mollusca","Gastropoda","Littorinimorpha","Hydrobiidae",NA,NA,1,"small spire shells","x050724_att02_mzb3",2,"Hydrobiidae"
"Animalia","Mollusca","Gastropoda","Littorinimorpha","Hydrobiidae",NA,NA,1,"small spire shells","x050724_att03_mzb6",2,"Hydrobiidae"
"Animalia","Mollusca","Gastropoda","Littorinimorpha","Hydrobiidae",NA,NA,1,"small spire shells","x050724_att04_mzb7",8,"Hydrobiidae"
"Animalia","Mollusca","Gastropoda","Littorinimorpha","Hydrobiidae",NA,NA,1,"small spire shells","x050724_att04_mzb8",27,"Hydrobiidae"
"Animalia","Mollusca","Gastropoda","Littorinimorpha","Hydrobiidae",NA,NA,1,"small spire shells","x040724_att05_mzb4",4,"Hydrobiidae"
"Animalia","Mollusca","Gastropoda","Littorinimorpha","Hydrobiidae",NA,NA,1,"small spire shells","x040724_att06_mzb5",56,"Hydrobiidae"
"Animalia","Mollusca","Gastropoda","Littorinimorpha","Hydrobiidae",NA,NA,1,"small spire shells","x040724_att06_mzb6",24,"Hydrobiidae"
"Animalia","Mollusca","Gastropoda","Littorinimorpha","Hydrobiidae",NA,NA,1,"small spire shells","x040724_att07_mzb1",30,"Hydrobiidae"
"Animalia","Mollusca","Gastropoda","Littorinimorpha","Hydrobiidae",NA,NA,1,"small spire shells","x040724_att07_mzb2",35,"Hydrobiidae"
"Animalia","Mollusca","Gastropoda","Littorinimorpha","Hydrobiidae",NA,NA,1,"small spire shells","x050724_att08_mzb9",29,"Hydrobiidae"
"Animalia","Mollusca","Gastropoda","Littorinimorpha","Hydrobiidae",NA,NA,1,"small spire shells","x050724_att08_mzb10",13,"Hydrobiidae"
"Animalia","Mollusca","Gastropoda","Littorinimorpha","Hydrobiidae",NA,NA,1,"small spire shells","x100724_att09_mzb9",23,"Hydrobiidae"
"Animalia","Mollusca","Gastropoda","Littorinimorpha","Hydrobiidae",NA,NA,1,"small spire shells","x100724_att09_mzb10",7,"Hydrobiidae"
"Animalia","Mollusca","Gastropoda","Littorinimorpha","Hydrobiidae",NA,NA,1,"small spire shells","x100724_att10_mzb11",51,"Hydrobiidae"
"Animalia","Mollusca","Gastropoda","Littorinimorpha","Hydrobiidae",NA,NA,1,"small spire shells","x100724_att10_mzb12",168,"Hydrobiidae"
"Animalia","Mollusca","Gastropoda","Littorinimorpha","Hydrobiidae",NA,NA,1,"small spire shells","x100724_att12_mzb3",1,"Hydrobiidae"
"Animalia","Mollusca","Gastropoda","Littorinimorpha","Hydrobiidae",NA,NA,1,"small spire shells","x100724_att12_mzb4",1,"Hydrobiidae"
"Animalia","Mollusca","Gastropoda","Littorinimorpha","Hydrobiidae",NA,NA,1,"small spire shells","x100724_att13_mzb1",96,"Hydrobiidae"
"Animalia","Mollusca","Gastropoda","Littorinimorpha","Hydrobiidae",NA,NA,1,"small spire shells","x100724_att13_mzb2",100,"Hydrobiidae"
"Animalia","Mollusca","Gastropoda","Littorinimorpha","Hydrobiidae",NA,NA,1,"small spire shells","x020724_att15_mzb1",1,"Hydrobiidae"
"Animalia","Mollusca","Gastropoda","Littorinimorpha","Hydrobiidae",NA,NA,1,"small spire shells","x020724_att16_mzb3",180,"Hydrobiidae"
"Animalia","Mollusca","Gastropoda","Littorinimorpha","Hydrobiidae",NA,NA,1,"small spire shells","x020724_att16_mzb4",23,"Hydrobiidae"
"Animalia","Mollusca","Gastropoda","Littorinimorpha","Hydrobiidae",NA,NA,1,"small spire shells","x020724_att17_mzb5",1,"Hydrobiidae"
"Animalia","Mollusca","Gastropoda","Littorinimorpha","Hydrobiidae",NA,NA,1,"small spire shells","x020724_att17_mzb6",1,"Hydrobiidae"
"Animalia","Mollusca","Gastropoda","Littorinimorpha","Hydrobiidae",NA,NA,1,"small spire shells","x030724_att18_mzb1",270,"Hydrobiidae"
"Animalia","Mollusca","Gastropoda","Littorinimorpha","Hydrobiidae",NA,NA,1,"small spire shells","x030724_att18_mzb2",84,"Hydrobiidae"
"Animalia","Mollusca","Gastropoda","Littorinimorpha","Hydrobiidae",NA,NA,1,"small spire shells","x030724_att19_mzb3",96,"Hydrobiidae"
"Animalia","Mollusca","Gastropoda","Littorinimorpha","Hydrobiidae",NA,NA,1,"small spire shells","x030724_att19_mzb4",24,"Hydrobiidae"
"Animalia","Mollusca","Gastropoda","Littorinimorpha","Hydrobiidae",NA,NA,1,"small spire shells","x030724_att20_mzb5",9,"Hydrobiidae"
"Animalia","Mollusca","Gastropoda","Littorinimorpha","Hydrobiidae",NA,NA,1,"small spire shells","x030724_att20_mzb6",1,"Hydrobiidae"
"Animalia","Mollusca","Gastropoda","Littorinimorpha","Hydrobiidae",NA,NA,1,"small spire shells","x010724_att21_mzb7",9,"Hydrobiidae"
"Animalia","Mollusca","Gastropoda","Littorinimorpha","Hydrobiidae",NA,NA,1,"small spire shells","x010724_att21_mzb8",7,"Hydrobiidae"
"Animalia","Mollusca","Gastropoda","Littorinimorpha","Hydrobiidae",NA,NA,1,"small spire shells","x010724_att22_mzb1",6,"Hydrobiidae"
"Animalia","Mollusca","Gastropoda","Littorinimorpha","Hydrobiidae",NA,NA,1,"small spire shells","x010724_att22_mzb2",9,"Hydrobiidae"
"Animalia","Mollusca","Gastropoda","Littorinimorpha","Hydrobiidae",NA,NA,1,"small spire shells","x010724_att23_mzb3",21,"Hydrobiidae"
"Animalia","Mollusca","Gastropoda","Littorinimorpha","Hydrobiidae",NA,NA,1,"small spire shells","x010724_att23_mzb4",10,"Hydrobiidae"
"Animalia","Mollusca","Gastropoda","Littorinimorpha","Hydrobiidae",NA,NA,1,"small spire shells","x010724_att24_mzb5",39,"Hydrobiidae"
"Animalia","Mollusca","Gastropoda","Littorinimorpha","Hydrobiidae",NA,NA,1,"small spire shells","x010724_att24_mzb6",75,"Hydrobiidae"
"Animalia","Mollusca","Gastropoda","Architaenioglossa","Viviparidae",NA,"Viviparus",1,"river snail (banded shell)","x100724_att13_mzb2",5,"Viviparus viviparus"
