Site,Location_ID,Lat,Long,Habitat,UK_Name,Scientific Name,Month_ID ,Month 1 Days Detected (%),Conservation Status (IUCN GB),,
Attenborough,1,52.90123,-1.239022,willow scrub,Chiffchaff,Phylloscopus collybita,2009,100,green,,
Attenborough,1,52.90123,-1.239022,willow scrub,Wren,Troglodytes troglodytes,1346,100,amber,,
Attenborough,1,52.90123,-1.239022,willow scrub,Canada Goose,Branta canadensis,1115,100,introduced,,
Attenborough,1,52.90123,-1.239022,willow scrub,Blackcap,Sylvia atricapilla,857,100,green,,
Attenborough,1,52.90123,-1.239022,willow scrub,Garden Warbler,Sylvia borin,587,100,green,,
Attenborough,1,52.90123,-1.239022,willow scrub,Blackbird,Turdus merula,352,100,green,,
Attenborough,1,52.90123,-1.239022,willow scrub,Greenfinch,Chloris chloris,323,100,red,,
Attenborough,1,52.90123,-1.239022,willow scrub,Blue Tit,Cyanistes caeruleus,244,100,green,,
Attenborough,1,52.90123,-1.239022,willow scrub,Great Tit,Parus major,199,100,green,,
Attenborough,1,52.90123,-1.239022,willow scrub,Dunnock,Prunella modularis,140,100,amber,,
Attenborough,1,52.90123,-1.239022,willow scrub,Long-tailed Tit,Aegithalos caudatus,117,87.5,green,,
Attenborough,1,52.90123,-1.239022,willow scrub,Oystercatcher,Haematopus ostralegus,98,100,amber,,
Attenborough,1,52.90123,-1.239022,willow scrub,Robin,Erithacus rubecula,82,100,green,,
Attenborough,1,52.90123,-1.239022,willow scrub,Woodpigeon,Columba palumbus,77,75,amber,,
Attenborough,1,52.90123,-1.239022,willow scrub,Cettis Warbler,Cettia cetti,68,100,green,,
Attenborough,1,52.90123,-1.239022,willow scrub,Magpie,Pica pica,64,100,green,,
Attenborough,1,52.90123,-1.239022,willow scrub,Song Thrush,Turdus philomelos,53,75,amber,,
Attenborough,1,52.90123,-1.239022,willow scrub,Greylag Goose,Anser anser,46,87.5,amber,,
Attenborough,1,52.90123,-1.239022,willow scrub,Common Tern,Sterna hirundo,45,75,amber,,
Attenborough,1,52.90123,-1.239022,willow scrub,Whitethroat,Curruca communis,38,87.5,amber,,
Attenborough,1,52.90123,-1.239022,willow scrub,Black-headed Gull,Chroicocephalus ridibundus,35,87.5,amber,,
Attenborough,1,52.90123,-1.239022,willow scrub,Goldfinch,Carduelis carduelis,33,87.5,green,,
Attenborough,1,52.90123,-1.239022,willow scrub,Carrion Crow,Corvus corone,26,87.5,green,,
Attenborough,1,52.90123,-1.239022,willow scrub,Jackdaw,Corvus monedula,18,62.5,green,,
Attenborough,1,52.90123,-1.239022,willow scrub,Mallard,Anas platyrhynchos,14,75,amber,,
Attenborough,1,52.90123,-1.239022,willow scrub,Egyptian Goose,Alopochen aegyptiaca,12,62.5,introduced,,
Attenborough,1,52.90123,-1.239022,willow scrub,Reed Warbler,Acrocephalus scirpaceus,10,50,green,,
Attenborough,1,52.90123,-1.239022,willow scrub,Gadwall,Mareca strepera,9,50,amber,,
Attenborough,1,52.90123,-1.239022,willow scrub,Great Crested Grebe,Podiceps cristatus,9,25,green,,
Attenborough,1,52.90123,-1.239022,willow scrub,Grey Heron,Ardea cinerea,5,25,green,,
Attenborough,1,52.90123,-1.239022,willow scrub,Sand Martin,Riparia riparia,5,25,green,,
Attenborough,1,52.90123,-1.239022,willow scrub,Swift,Apus apus,4,12.5,red,,
Attenborough,1,52.90123,-1.239022,willow scrub,Coot,Fulica atra,4,25,green,,
Attenborough,1,52.90123,-1.239022,willow scrub,Little Grebe,Tachybaptus ruficollis,2,12.5,green,,
Attenborough,1,52.90123,-1.239022,willow scrub,Starling,Sturnus vulgaris,1,12.5,red,,
Attenborough,2,52.89993,-1.241466,willow scrub,Canada Goose,Branta canadensis,2496,100,introduced,,
Attenborough,2,52.89993,-1.241466,willow scrub,Wren,Troglodytes troglodytes,1306,100,amber,,
Attenborough,2,52.89993,-1.241466,willow scrub,Blackcap,Sylvia atricapilla,381,100,green,,
Attenborough,2,52.89993,-1.241466,willow scrub,Blue Tit,Cyanistes caeruleus,242,100,green,,
Attenborough,2,52.89993,-1.241466,willow scrub,Goldfinch,Carduelis carduelis,210,100,green,,
Attenborough,2,52.89993,-1.241466,willow scrub,Chiffchaff,Phylloscopus collybita,183,87.5,green,,
Attenborough,2,52.89993,-1.241466,willow scrub,Long-tailed Tit,Aegithalos caudatus,175,87.5,green,,
Attenborough,2,52.89993,-1.241466,willow scrub,Oystercatcher,Haematopus ostralegus,172,100,amber,,
Attenborough,2,52.89993,-1.241466,willow scrub,Greenfinch,Chloris chloris,170,87.5,red,,
Attenborough,2,52.89993,-1.241466,willow scrub,Common Tern,Sterna hirundo,150,100,amber,,
Attenborough,2,52.89993,-1.241466,willow scrub,Greylag Goose,Anser anser,124,100,amber,,
Attenborough,2,52.89993,-1.241466,willow scrub,Black-headed Gull,Chroicocephalus ridibundus,119,87.5,amber,,
Attenborough,2,52.89993,-1.241466,willow scrub,Mallard,Anas platyrhynchos,112,100,amber,,
Attenborough,2,52.89993,-1.241466,willow scrub,Magpie,Pica pica,102,87.5,green,,
Attenborough,2,52.89993,-1.241466,willow scrub,Carrion Crow,Corvus corone,96,100,green,,
Attenborough,2,52.89993,-1.241466,willow scrub,Great Tit,Parus major,84,100,green,,
Attenborough,2,52.89993,-1.241466,willow scrub,Cettis Warbler,Cettia cetti,78,100,green,,
Attenborough,2,52.89993,-1.241466,willow scrub,Woodpigeon,Columba palumbus,74,87.5,amber,,
Attenborough,2,52.89993,-1.241466,willow scrub,Reed Warbler,Acrocephalus scirpaceus,74,87.5,green,,
Attenborough,2,52.89993,-1.241466,willow scrub,Sand Martin,Riparia riparia,54,87.5,green,,
Attenborough,2,52.89993,-1.241466,willow scrub,Robin,Erithacus rubecula,39,100,green,,
Attenborough,2,52.89993,-1.241466,willow scrub,Egyptian Goose,Alopochen aegyptiaca,39,100,introduced,,
Attenborough,2,52.89993,-1.241466,willow scrub,Blackbird,Turdus merula,36,87.5,green,,
Attenborough,2,52.89993,-1.241466,willow scrub,Song Thrush,Turdus philomelos,31,87.5,amber,,
Attenborough,2,52.89993,-1.241466,willow scrub,House Martin,Delichon urbicum,22,75,red,,
Attenborough,2,52.89993,-1.241466,willow scrub,Dunnock,Prunella modularis,22,75,amber,,
Attenborough,2,52.89993,-1.241466,willow scrub,Jackdaw,Corvus monedula,17,50,green,,
Attenborough,2,52.89993,-1.241466,willow scrub,Coal Tit,Periparus ater,13,50,green,,
Attenborough,2,52.89993,-1.241466,willow scrub,Goldcrest,Regulus regulus,8,62.5,green,,
Attenborough,2,52.89993,-1.241466,willow scrub,Whitethroat,Curruca communis,6,25,amber,,
Attenborough,2,52.89993,-1.241466,willow scrub,Mute Swan,Cygnus olor,6,37.5,green,,
Attenborough,2,52.89993,-1.241466,willow scrub,Rook,Corvus frugilegus,6,75,amber,,
Attenborough,2,52.89993,-1.241466,willow scrub,Coot,Fulica atra,5,37.5,green,,
Attenborough,2,52.89993,-1.241466,willow scrub,Cuckoo,Cuculus canorus,4,25,red,,
Attenborough,2,52.89993,-1.241466,willow scrub,Swift,Apus apus,2,12.5,red,,
Attenborough,3,52.897317,-1.244177,bramble scrub,Song Thrush,Turdus philomelos,647,100,amber,,
Attenborough,3,52.897317,-1.244177,bramble scrub,Sedge Warbler,Acrocephalus schoenobaenus,636,75,amber,,
Attenborough,3,52.897317,-1.244177,bramble scrub,Robin,Erithacus rubecula,633,100,green,,
Attenborough,3,52.897317,-1.244177,bramble scrub,Reed Warbler,Acrocephalus scirpaceus,482,100,green,,
Attenborough,3,52.897317,-1.244177,bramble scrub,Reed Bunting,Emberiza schoeniclus,339,100,amber,,
Attenborough,3,52.897317,-1.244177,bramble scrub,Wren,Troglodytes troglodytes,274,100,amber,,
Attenborough,3,52.897317,-1.244177,bramble scrub,Canada Goose,Branta canadensis,263,100,introduced,,
Attenborough,3,52.897317,-1.244177,bramble scrub,Greenfinch,Chloris chloris,242,100,red,,
Attenborough,3,52.897317,-1.244177,bramble scrub,Blue Tit,Cyanistes caeruleus,198,100,green,,
Attenborough,3,52.897317,-1.244177,bramble scrub,Long-tailed Tit,Aegithalos caudatus,161,100,green,,
Attenborough,3,52.897317,-1.244177,bramble scrub,Spotted Flycatcher,Muscicapa striata,123,87.5,red,,
Attenborough,3,52.897317,-1.244177,bramble scrub,Garden Warbler,Sylvia borin,114,62.5,green,,
Attenborough,3,52.897317,-1.244177,bramble scrub,Magpie,Pica pica,64,100,green,,
Attenborough,3,52.897317,-1.244177,bramble scrub,Dunnock,Prunella modularis,55,100,amber,,
Attenborough,3,52.897317,-1.244177,bramble scrub,Blackbird,Turdus merula,54,100,green,,
Attenborough,3,52.897317,-1.244177,bramble scrub,Blackcap,Sylvia atricapilla,53,100,green,,
Attenborough,3,52.897317,-1.244177,bramble scrub,Cettis Warbler,Cettia cetti,51,87.5,green,,
Attenborough,3,52.897317,-1.244177,bramble scrub,Great Tit,Parus major,40,100,green,,
Attenborough,3,52.897317,-1.244177,bramble scrub,Kingfisher,Alcedo atthis,40,62.5,green,,
Attenborough,3,52.897317,-1.244177,bramble scrub,Mallard,Anas platyrhynchos,26,87.5,amber,,
Attenborough,3,52.897317,-1.244177,bramble scrub,Carrion Crow,Corvus corone,26,62.5,green,,
Attenborough,3,52.897317,-1.244177,bramble scrub,Oystercatcher,Haematopus ostralegus,15,62.5,amber,,
Attenborough,3,52.897317,-1.244177,bramble scrub,Whitethroat,Curruca communis,13,62.5,amber,,
Attenborough,3,52.897317,-1.244177,bramble scrub,Great Spotted Woodpecker,Dendrocopos major,12,75,green,,
Attenborough,3,52.897317,-1.244177,bramble scrub,Grey Heron,Ardea cinerea,9,75,green,,
Attenborough,3,52.897317,-1.244177,bramble scrub,Black-headed Gull,Chroicocephalus ridibundus,9,50,amber,,
Attenborough,3,52.897317,-1.244177,bramble scrub,Jackdaw,Corvus monedula,8,62.5,green,,
Attenborough,3,52.897317,-1.244177,bramble scrub,Gadwall,Mareca strepera,7,25,amber,,
Attenborough,3,52.897317,-1.244177,bramble scrub,Pheasant,Phasianus colchicus,6,37.5,introduced,,
Attenborough,3,52.897317,-1.244177,bramble scrub,Greylag Goose,Anser anser,5,25,amber,,
Attenborough,3,52.897317,-1.244177,bramble scrub,Coot,Fulica atra,5,25,green,,
Attenborough,3,52.897317,-1.244177,bramble scrub,House Martin,Delichon urbicum,4,25,red,,
Attenborough,3,52.897317,-1.244177,bramble scrub,Little Grebe,Tachybaptus ruficollis,3,12.5,green,,
Attenborough,3,52.897317,-1.244177,bramble scrub,Mute Swan,Cygnus olor,3,25,green,,
Attenborough,3,52.897317,-1.244177,bramble scrub,Moorhen,Gallinula chloropus,1,12.5,amber,,
Attenborough,3,52.897317,-1.244177,bramble scrub,Woodpigeon,Columba palumbus,1,12.5,amber,,
Attenborough,4,52.897315,-1.245806,bramble scrub,Wren,Troglodytes troglodytes,495,100,amber,,
Attenborough,4,52.897315,-1.245806,bramble scrub,Chiffchaff,Phylloscopus collybita,393,87.5,green,,
Attenborough,4,52.897315,-1.245806,bramble scrub,Canada Goose,Branta canadensis,282,100,introduced,,
Attenborough,4,52.897315,-1.245806,bramble scrub,Blackbird,Turdus merula,188,100,green,,
Attenborough,4,52.897315,-1.245806,bramble scrub,Song Thrush,Turdus philomelos,153,100,amber,,
Attenborough,4,52.897315,-1.245806,bramble scrub,Robin,Erithacus rubecula,148,100,green,,
Attenborough,4,52.897315,-1.245806,bramble scrub,Woodpigeon,Columba palumbus,144,87.5,amber,,
Attenborough,4,52.897315,-1.245806,bramble scrub,Greenfinch,Chloris chloris,141,100,red,,
Attenborough,4,52.897315,-1.245806,bramble scrub,Blackcap,Sylvia atricapilla,113,100,green,,
Attenborough,4,52.897315,-1.245806,bramble scrub,Dunnock,Prunella modularis,93,100,amber,,
Attenborough,4,52.897315,-1.245806,bramble scrub,Goldfinch,Carduelis carduelis,79,87.5,green,,
Attenborough,4,52.897315,-1.245806,bramble scrub,Whitethroat,Curruca communis,79,100,amber,,
Attenborough,4,52.897315,-1.245806,bramble scrub,Magpie,Pica pica,78,100,green,,
Attenborough,4,52.897315,-1.245806,bramble scrub,Kingfisher,Alcedo atthis,69,87.5,green,,
Attenborough,4,52.897315,-1.245806,bramble scrub,Carrion Crow,Corvus corone,52,87.5,green,,
Attenborough,4,52.897315,-1.245806,bramble scrub,Pheasant,Phasianus colchicus,51,100,introduced,,
Attenborough,4,52.897315,-1.245806,bramble scrub,Long-tailed Tit,Aegithalos caudatus,37,75,green,,
Attenborough,4,52.897315,-1.245806,bramble scrub,Jackdaw,Corvus monedula,33,100,green,,
Attenborough,4,52.897315,-1.245806,bramble scrub,Buzzard,Buteo buteo,22,100,green,,
Attenborough,4,52.897315,-1.245806,bramble scrub,Great Spotted Woodpecker,Dendrocopos major,21,62.5,green,,
Attenborough,4,52.897315,-1.245806,bramble scrub,Mallard,Anas platyrhynchos,20,87.5,amber,,
Attenborough,4,52.897315,-1.245806,bramble scrub,Stock Dove,Columba oenas,18,75,amber,,
Attenborough,4,52.897315,-1.245806,bramble scrub,Cettis Warbler,Cettia cetti,18,75,green,,
Attenborough,4,52.897315,-1.245806,bramble scrub,Blue Tit,Cyanistes caeruleus,16,100,green,,
Attenborough,4,52.897315,-1.245806,bramble scrub,Black-headed Gull,Chroicocephalus ridibundus,14,50,amber,,
Attenborough,4,52.897315,-1.245806,bramble scrub,Grey Heron,Ardea cinerea,10,62.5,green,,
Attenborough,4,52.897315,-1.245806,bramble scrub,Gadwall,Mareca strepera,8,50,amber,,
Attenborough,4,52.897315,-1.245806,bramble scrub,Coot,Fulica atra,8,62.5,green,,
Attenborough,4,52.897315,-1.245806,bramble scrub,Greylag Goose,Anser anser,7,37.5,amber,,
Attenborough,4,52.897315,-1.245806,bramble scrub,Oystercatcher,Haematopus ostralegus,6,37.5,amber,,
Attenborough,4,52.897315,-1.245806,bramble scrub,Treecreeper,Certhia familiaris,5,37.5,green,,
Attenborough,4,52.897315,-1.245806,bramble scrub,Mute Swan,Cygnus olor,3,12.5,green,,
Attenborough,4,52.897315,-1.245806,bramble scrub,Moorhen,Gallinula chloropus,1,12.5,amber,,
Attenborough,4,52.897315,-1.245806,bramble scrub,Jay,Garrulus glandarius,1,12.5,green,,
Attenborough,5,52.8994707,-1.240207,mixed scrub,Blackcap,Sylvia atricapilla,849,100,green,,
Attenborough,5,52.8994707,-1.240207,mixed scrub,Robin,Erithacus rubecula,429,100,green,,
Attenborough,5,52.8994707,-1.240207,mixed scrub,Woodpigeon,Columba palumbus,426,100,amber,,
Attenborough,5,52.8994707,-1.240207,mixed scrub,Blackbird,Turdus merula,349,75,green,,
Attenborough,5,52.8994707,-1.240207,mixed scrub,Garden Warbler,Sylvia borin,347,100,green,,
Attenborough,5,52.8994707,-1.240207,mixed scrub,Chiffchaff,Phylloscopus collybita,233,100,green,,
Attenborough,5,52.8994707,-1.240207,mixed scrub,Wren,Troglodytes troglodytes,203,100,amber,,
Attenborough,5,52.8994707,-1.240207,mixed scrub,Long-tailed Tit,Aegithalos caudatus,200,100,green,,
Attenborough,5,52.8994707,-1.240207,mixed scrub,Cettis Warbler,Cettia cetti,168,100,green,,
Attenborough,5,52.8994707,-1.240207,mixed scrub,Song Thrush,Turdus philomelos,162,100,amber,,
Attenborough,5,52.8994707,-1.240207,mixed scrub,Canada Goose,Branta canadensis,152,100,introduced,,
Attenborough,5,52.8994707,-1.240207,mixed scrub,Blue Tit,Cyanistes caeruleus,137,100,green,,
Attenborough,5,52.8994707,-1.240207,mixed scrub,Cuckoo,Cuculus canorus,128,87.5,red,,
Attenborough,5,52.8994707,-1.240207,mixed scrub,Moorhen,Gallinula chloropus,126,87.5,amber,,
Attenborough,5,52.8994707,-1.240207,mixed scrub,Dunnock,Prunella modularis,90,100,amber,,
Attenborough,5,52.8994707,-1.240207,mixed scrub,Greenfinch,Chloris chloris,54,100,red,,
Attenborough,5,52.8994707,-1.240207,mixed scrub,Kingfisher,Alcedo atthis,54,87.5,green,,
Attenborough,5,52.8994707,-1.240207,mixed scrub,Great Tit,Parus major,47,87.5,green,,
Attenborough,5,52.8994707,-1.240207,mixed scrub,Whitethroat,Curruca communis,43,87.5,amber,,
Attenborough,5,52.8994707,-1.240207,mixed scrub,Mallard,Anas platyrhynchos,39,75,amber,,
Attenborough,5,52.8994707,-1.240207,mixed scrub,Coot,Fulica atra,39,87.5,green,,
Attenborough,5,52.8994707,-1.240207,mixed scrub,Carrion Crow,Corvus corone,34,87.5,green,,
Attenborough,5,52.8994707,-1.240207,mixed scrub,Magpie,Pica pica,32,87.5,green,,
Attenborough,5,52.8994707,-1.240207,mixed scrub,Sedge Warbler,Acrocephalus schoenobaenus,25,50,amber,,
Attenborough,5,52.8994707,-1.240207,mixed scrub,Oystercatcher,Haematopus ostralegus,24,87.5,amber,,
Attenborough,5,52.8994707,-1.240207,mixed scrub,Greylag Goose,Anser anser,24,75,amber,,
Attenborough,5,52.8994707,-1.240207,mixed scrub,Treecreeper,Certhia familiaris,16,50,green,,
Attenborough,5,52.8994707,-1.240207,mixed scrub,Great Spotted Woodpecker,Dendrocopos major,13,62.5,green,,
Attenborough,5,52.8994707,-1.240207,mixed scrub,Jackdaw,Corvus monedula,13,50,green,,
Attenborough,5,52.8994707,-1.240207,mixed scrub,Grey Heron,Ardea cinerea,10,50,green,,
Attenborough,5,52.8994707,-1.240207,mixed scrub,Gadwall,Mareca strepera,9,62.5,amber,,
Attenborough,5,52.8994707,-1.240207,mixed scrub,Buzzard,Buteo buteo,7,62.5,green,,
Attenborough,5,52.8994707,-1.240207,mixed scrub,Goldfinch,Carduelis carduelis,4,37.5,green,,
Attenborough,5,52.8994707,-1.240207,mixed scrub,Common Tern,Sterna hirundo,3,12.5,amber,,
Attenborough,5,52.8994707,-1.240207,mixed scrub,Jay,Garrulus glandarius,3,12.5,green,,
Attenborough,5,52.8994707,-1.240207,mixed scrub,Mute Swan,Cygnus olor,2,25,green,,
Attenborough,6,52.901086,-1.23675,lowland mixed deciduous woodland,Canada Goose,Branta canadensis,1915,100,introduced,,
Attenborough,6,52.901086,-1.23675,lowland mixed deciduous woodland,Wren,Troglodytes troglodytes,1747,100,amber,,
Attenborough,6,52.901086,-1.23675,lowland mixed deciduous woodland,Blackcap,Sylvia atricapilla,410,100,green,,
Attenborough,6,52.901086,-1.23675,lowland mixed deciduous woodland,Magpie,Pica pica,393,100,green,,
Attenborough,6,52.901086,-1.23675,lowland mixed deciduous woodland,Blue Tit,Cyanistes caeruleus,358,100,green,,
Attenborough,6,52.901086,-1.23675,lowland mixed deciduous woodland,Cettis Warbler,Cettia cetti,226,100,green,,
Attenborough,6,52.901086,-1.23675,lowland mixed deciduous woodland,Woodpigeon,Columba palumbus,149,100,amber,,
Attenborough,6,52.901086,-1.23675,lowland mixed deciduous woodland,Long-tailed Tit,Aegithalos caudatus,136,87.5,green,,
Attenborough,6,52.901086,-1.23675,lowland mixed deciduous woodland,Carrion Crow,Corvus corone,121,100,green,,
Attenborough,6,52.901086,-1.23675,lowland mixed deciduous woodland,Mallard,Anas platyrhynchos,107,100,amber,,
Attenborough,6,52.901086,-1.23675,lowland mixed deciduous woodland,Greylag Goose,Anser anser,102,100,amber,,
Attenborough,6,52.901086,-1.23675,lowland mixed deciduous woodland,Black-headed Gull,Chroicocephalus ridibundus,99,87.5,amber,,
Attenborough,6,52.901086,-1.23675,lowland mixed deciduous woodland,Blackbird,Turdus merula,83,100,green,,
Attenborough,6,52.901086,-1.23675,lowland mixed deciduous woodland,Chiffchaff,Phylloscopus collybita,65,87.5,green,,
Attenborough,6,52.901086,-1.23675,lowland mixed deciduous woodland,Coal Tit,Periparus ater,60,62.5,green,,
Attenborough,6,52.901086,-1.23675,lowland mixed deciduous woodland,Greenfinch,Chloris chloris,59,87.5,red,,
Attenborough,6,52.901086,-1.23675,lowland mixed deciduous woodland,Oystercatcher,Haematopus ostralegus,53,87.5,amber,,
Attenborough,6,52.901086,-1.23675,lowland mixed deciduous woodland,Common Tern,Sterna hirundo,52,100,amber,,
Attenborough,6,52.901086,-1.23675,lowland mixed deciduous woodland,Goldfinch,Carduelis carduelis,52,100,green,,
Attenborough,6,52.901086,-1.23675,lowland mixed deciduous woodland,Great Tit,Parus major,51,100,green,,
Attenborough,6,52.901086,-1.23675,lowland mixed deciduous woodland,Reed Bunting,Emberiza schoeniclus,49,75,amber,,
Attenborough,6,52.901086,-1.23675,lowland mixed deciduous woodland,Dunnock,Prunella modularis,39,100,amber,,
Attenborough,6,52.901086,-1.23675,lowland mixed deciduous woodland,Robin,Erithacus rubecula,25,87.5,green,,
Attenborough,6,52.901086,-1.23675,lowland mixed deciduous woodland,Coot,Fulica atra,18,50,green,,
Attenborough,6,52.901086,-1.23675,lowland mixed deciduous woodland,Egyptian Goose,Alopochen aegyptiaca,11,62.5,introduced,,
Attenborough,6,52.901086,-1.23675,lowland mixed deciduous woodland,Mute Swan,Cygnus olor,11,50,green,,
Attenborough,6,52.901086,-1.23675,lowland mixed deciduous woodland,Kingfisher,Alcedo atthis,10,62.5,green,,
Attenborough,6,52.901086,-1.23675,lowland mixed deciduous woodland,Swift,Apus apus,10,37.5,red,,
Attenborough,6,52.901086,-1.23675,lowland mixed deciduous woodland,Rook,Corvus frugilegus,10,50,amber,,
Attenborough,6,52.901086,-1.23675,lowland mixed deciduous woodland,Jackdaw,Corvus monedula,9,75,green,,
Attenborough,6,52.901086,-1.23675,lowland mixed deciduous woodland,Song Thrush,Turdus philomelos,5,25,amber,,
Attenborough,6,52.901086,-1.23675,lowland mixed deciduous woodland,Treecreeper,Certhia familiaris,4,50,green,,
Attenborough,6,52.901086,-1.23675,lowland mixed deciduous woodland,House Sparrow,Passer domesticus,3,25,red,,
Attenborough,6,52.901086,-1.23675,lowland mixed deciduous woodland,Grey Heron,Ardea cinerea,3,37.5,green,,
Attenborough,6,52.901086,-1.23675,lowland mixed deciduous woodland,Moorhen,Gallinula chloropus,1,12.5,amber,,
Attenborough,7,52.900525,-1.233805,mixed scrub,Wren,Troglodytes troglodytes,1614,100,amber,,
Attenborough,7,52.900525,-1.233805,mixed scrub,Blackcap,Sylvia atricapilla,918,100,green,,
Attenborough,7,52.900525,-1.233805,mixed scrub,Robin,Erithacus rubecula,603,100,green,,
Attenborough,7,52.900525,-1.233805,mixed scrub,Canada Goose,Branta canadensis,476,100,introduced,,
Attenborough,7,52.900525,-1.233805,mixed scrub,Woodpigeon,Columba palumbus,459,100,amber,,
Attenborough,7,52.900525,-1.233805,mixed scrub,Chiffchaff,Phylloscopus collybita,390,100,green,,
Attenborough,7,52.900525,-1.233805,mixed scrub,Blue Tit,Cyanistes caeruleus,389,100,green,,
Attenborough,7,52.900525,-1.233805,mixed scrub,Garden Warbler,Sylvia borin,382,100,green,,
Attenborough,7,52.900525,-1.233805,mixed scrub,Greenfinch,Chloris chloris,276,100,red,,
Attenborough,7,52.900525,-1.233805,mixed scrub,Cettis Warbler,Cettia cetti,251,100,green,,
Attenborough,7,52.900525,-1.233805,mixed scrub,Dunnock,Prunella modularis,200,100,amber,,
Attenborough,7,52.900525,-1.233805,mixed scrub,Magpie,Pica pica,196,100,green,,
Attenborough,7,52.900525,-1.233805,mixed scrub,Song Thrush,Turdus philomelos,122,87.5,amber,,
Attenborough,7,52.900525,-1.233805,mixed scrub,Whitethroat,Curruca communis,118,100,amber,,
Attenborough,7,52.900525,-1.233805,mixed scrub,Long-tailed Tit,Aegithalos caudatus,113,100,green,,
Attenborough,7,52.900525,-1.233805,mixed scrub,Goldfinch,Carduelis carduelis,95,100,green,,
Attenborough,7,52.900525,-1.233805,mixed scrub,Great Tit,Parus major,89,100,green,,
Attenborough,7,52.900525,-1.233805,mixed scrub,Black-headed Gull,Chroicocephalus ridibundus,84,100,amber,,
Attenborough,7,52.900525,-1.233805,mixed scrub,Coal Tit,Periparus ater,71,100,green,,
Attenborough,7,52.900525,-1.233805,mixed scrub,Carrion Crow,Corvus corone,47,87.5,green,,
Attenborough,7,52.900525,-1.233805,mixed scrub,Greylag Goose,Anser anser,45,100,amber,,
Attenborough,7,52.900525,-1.233805,mixed scrub,Great Spotted Woodpecker,Dendrocopos major,30,50,green,,
Attenborough,7,52.900525,-1.233805,mixed scrub,Blackbird,Turdus merula,30,75,green,,
Attenborough,7,52.900525,-1.233805,mixed scrub,Coot,Fulica atra,29,75,green,,
Attenborough,7,52.900525,-1.233805,mixed scrub,Mallard,Anas platyrhynchos,25,87.5,amber,,
Attenborough,7,52.900525,-1.233805,mixed scrub,Common Tern,Sterna hirundo,19,87.5,amber,,
Attenborough,7,52.900525,-1.233805,mixed scrub,Rook,Corvus frugilegus,18,62.5,amber,,
Attenborough,7,52.900525,-1.233805,mixed scrub,Oystercatcher,Haematopus ostralegus,10,50,amber,,
Attenborough,7,52.900525,-1.233805,mixed scrub,Mute Swan,Cygnus olor,9,50,green,,
Attenborough,7,52.900525,-1.233805,mixed scrub,Jackdaw,Corvus monedula,8,50,green,,
Attenborough,7,52.900525,-1.233805,mixed scrub,Moorhen,Gallinula chloropus,7,25,amber,,
Attenborough,7,52.900525,-1.233805,mixed scrub,Swift,Apus apus,5,25,red,,
Attenborough,7,52.900525,-1.233805,mixed scrub,Sparrowhawk,Accipiter nisus,4,37.5,amber,,
Attenborough,8,52.897054,-1.229993,other neutral grassland,Blackcap,Sylvia atricapilla,1702,100,green,,
Attenborough,8,52.897054,-1.229993,other neutral grassland,Sedge Warbler,Acrocephalus schoenobaenus,980,100,amber,,
Attenborough,8,52.897054,-1.229993,other neutral grassland,Canada Goose,Branta canadensis,788,100,introduced,,
Attenborough,8,52.897054,-1.229993,other neutral grassland,Robin,Erithacus rubecula,699,100,green,,
Attenborough,8,52.897054,-1.229993,other neutral grassland,Garden Warbler,Sylvia borin,528,100,green,,
Attenborough,8,52.897054,-1.229993,other neutral grassland,Whitethroat,Curruca communis,199,100,amber,,
Attenborough,8,52.897054,-1.229993,other neutral grassland,Cettis Warbler,Cettia cetti,183,100,green,,
Attenborough,8,52.897054,-1.229993,other neutral grassland,Tawny Owl,Strix aluco,172,62.5,amber,,
Attenborough,8,52.897054,-1.229993,other neutral grassland,Greylag Goose,Anser anser,164,100,amber,,
Attenborough,8,52.897054,-1.229993,other neutral grassland,Wren,Troglodytes troglodytes,148,100,amber,,
Attenborough,8,52.897054,-1.229993,other neutral grassland,Woodpigeon,Columba palumbus,146,100,amber,,
Attenborough,8,52.897054,-1.229993,other neutral grassland,Greenfinch,Chloris chloris,144,100,red,,
Attenborough,8,52.897054,-1.229993,other neutral grassland,Chiffchaff,Phylloscopus collybita,95,100,green,,
Attenborough,8,52.897054,-1.229993,other neutral grassland,Dunnock,Prunella modularis,89,100,amber,,
Attenborough,8,52.897054,-1.229993,other neutral grassland,Cuckoo,Cuculus canorus,87,100,red,,
Attenborough,8,52.897054,-1.229993,other neutral grassland,Song Thrush,Turdus philomelos,53,75,amber,,
Attenborough,8,52.897054,-1.229993,other neutral grassland,Blue Tit,Cyanistes caeruleus,47,100,green,,
Attenborough,8,52.897054,-1.229993,other neutral grassland,Long-tailed Tit,Aegithalos caudatus,39,100,green,,
Attenborough,8,52.897054,-1.229993,other neutral grassland,Coot,Fulica atra,39,87.5,green,,
Attenborough,8,52.897054,-1.229993,other neutral grassland,Carrion Crow,Corvus corone,37,87.5,green,,
Attenborough,8,52.897054,-1.229993,other neutral grassland,Goldfinch,Carduelis carduelis,29,50,green,,
Attenborough,8,52.897054,-1.229993,other neutral grassland,Blackbird,Turdus merula,24,75,green,,
Attenborough,8,52.897054,-1.229993,other neutral grassland,Great Tit,Parus major,20,50,green,,
Attenborough,8,52.897054,-1.229993,other neutral grassland,Magpie,Pica pica,17,62.5,green,,
Attenborough,8,52.897054,-1.229993,other neutral grassland,Great Spotted Woodpecker,Dendrocopos major,16,62.5,green,,
Attenborough,8,52.897054,-1.229993,other neutral grassland,Egyptian Goose,Alopochen aegyptiaca,10,37.5,introduced,,
Attenborough,8,52.897054,-1.229993,other neutral grassland,Moorhen,Gallinula chloropus,8,25,amber,,
Attenborough,8,52.897054,-1.229993,other neutral grassland,Mallard,Anas platyrhynchos,8,62.5,amber,,
Attenborough,8,52.897054,-1.229993,other neutral grassland,Oystercatcher,Haematopus ostralegus,7,62.5,amber,,
Attenborough,8,52.897054,-1.229993,other neutral grassland,Grey Heron,Ardea cinerea,6,25,green,,
Attenborough,8,52.897054,-1.229993,other neutral grassland,Gadwall,Mareca strepera,6,37.5,amber,,
Attenborough,8,52.897054,-1.229993,other neutral grassland,Black-headed Gull,Chroicocephalus ridibundus,4,25,amber,,
Attenborough,8,52.897054,-1.229993,other neutral grassland,Sand Martin,Riparia riparia,4,25,green,,
Attenborough,8,52.897054,-1.229993,other neutral grassland,Pheasant,Phasianus colchicus,3,37.5,introduced,,
Attenborough,8,52.897054,-1.229993,other neutral grassland,Swift,Apus apus,2,12.5,red,,
Attenborough,8,52.897054,-1.229993,other neutral grassland,Starling,Sturnus vulgaris,1,12.5,red,,
Attenborough,8,52.897054,-1.229993,other neutral grassland,Jay,Garrulus glandarius,1,12.5,green,,
Attenborough,9,52.894218,-1.232688,reedbed,Robin,Erithacus rubecula,1901,100,green,,
Attenborough,9,52.894218,-1.232688,reedbed,Chiffchaff,Phylloscopus collybita,1887,100,green,,
Attenborough,9,52.894218,-1.232688,reedbed,Blackcap,Sylvia atricapilla,1852,100,green,,
Attenborough,9,52.894218,-1.232688,reedbed,Cettis Warbler,Cettia cetti,519,100,green,,
Attenborough,9,52.894218,-1.232688,reedbed,Greylag Goose,Anser anser,465,100,amber,,
Attenborough,9,52.894218,-1.232688,reedbed,Garden Warbler,Sylvia borin,388,100,green,,
Attenborough,9,52.894218,-1.232688,reedbed,Canada Goose,Branta canadensis,313,100,introduced,,
Attenborough,9,52.894218,-1.232688,reedbed,Blackbird,Turdus merula,293,100,green,,
Attenborough,9,52.894218,-1.232688,reedbed,Cuckoo,Cuculus canorus,256,100,red,,
Attenborough,9,52.894218,-1.232688,reedbed,Wren,Troglodytes troglodytes,242,100,amber,,
Attenborough,9,52.894218,-1.232688,reedbed,Song Thrush,Turdus philomelos,138,100,amber,,
Attenborough,9,52.894218,-1.232688,reedbed,Reed Warbler,Acrocephalus scirpaceus,136,75,green,,
Attenborough,9,52.894218,-1.232688,reedbed,Stock Dove,Columba oenas,123,87.5,amber,,
Attenborough,9,52.894218,-1.232688,reedbed,Blue Tit,Cyanistes caeruleus,117,100,green,,
Attenborough,9,52.894218,-1.232688,reedbed,Long-tailed Tit,Aegithalos caudatus,107,100,green,,
Attenborough,9,52.894218,-1.232688,reedbed,Woodpigeon,Columba palumbus,89,87.5,amber,,
Attenborough,9,52.894218,-1.232688,reedbed,Greenfinch,Chloris chloris,73,100,red,,
Attenborough,9,52.894218,-1.232688,reedbed,Magpie,Pica pica,65,100,green,,
Attenborough,9,52.894218,-1.232688,reedbed,Great Tit,Parus major,56,100,green,,
Attenborough,9,52.894218,-1.232688,reedbed,Dunnock,Prunella modularis,47,87.5,amber,,
Attenborough,9,52.894218,-1.232688,reedbed,Goldfinch,Carduelis carduelis,27,100,green,,
Attenborough,9,52.894218,-1.232688,reedbed,Whitethroat,Curruca communis,23,87.5,amber,,
Attenborough,9,52.894218,-1.232688,reedbed,Moorhen,Gallinula chloropus,22,62.5,amber,,
Attenborough,9,52.894218,-1.232688,reedbed,Mallard,Anas platyrhynchos,21,87.5,amber,,
Attenborough,9,52.894218,-1.232688,reedbed,Buzzard,Buteo buteo,16,75,green,,
Attenborough,9,52.894218,-1.232688,reedbed,Oystercatcher,Haematopus ostralegus,15,62.5,amber,,
Attenborough,9,52.894218,-1.232688,reedbed,Goldcrest,Regulus regulus,13,87.5,green,,
Attenborough,9,52.894218,-1.232688,reedbed,Tawny Owl,Strix aluco,13,37.5,amber,,
Attenborough,9,52.894218,-1.232688,reedbed,Coot,Fulica atra,13,50,green,,
Attenborough,9,52.894218,-1.232688,reedbed,Chaffinch,Fringilla coelebs,12,75,green,,
Attenborough,9,52.894218,-1.232688,reedbed,Carrion Crow,Corvus corone,12,37.5,green,,
Attenborough,9,52.894218,-1.232688,reedbed,Spotted Flycatcher,Muscicapa striata,11,25,red,,
Attenborough,9,52.894218,-1.232688,reedbed,Treecreeper,Certhia familiaris,10,50,green,,
Attenborough,9,52.894218,-1.232688,reedbed,Teal,Anas crecca,9,50,amber,,
Attenborough,9,52.894218,-1.232688,reedbed,Egyptian Goose,Alopochen aegyptiaca,8,50,introduced,,
Attenborough,9,52.894218,-1.232688,reedbed,Cormorant,Phalacrocorax carbo,7,50,green,,
Attenborough,9,52.894218,-1.232688,reedbed,Grey Heron,Ardea cinerea,6,37.5,green,,
Attenborough,9,52.894218,-1.232688,reedbed,Mute Swan,Cygnus olor,5,37.5,green,,
Attenborough,9,52.894218,-1.232688,reedbed,Little Grebe,Tachybaptus ruficollis,5,50,green,,
Attenborough,9,52.894218,-1.232688,reedbed,Pheasant,Phasianus colchicus,4,37.5,introduced,,
Attenborough,9,52.894218,-1.232688,reedbed,Great Crested Grebe,Podiceps cristatus,2,25,green,,
Attenborough,10,52.892905,-1.237235,mixed scrub,Wren,Troglodytes troglodytes,2128,100,amber,,
Attenborough,10,52.892905,-1.237235,mixed scrub,Cettis Warbler,Cettia cetti,730,100,green,,
Attenborough,10,52.892905,-1.237235,mixed scrub,Garden Warbler,Sylvia borin,541,100,green,,
Attenborough,10,52.892905,-1.237235,mixed scrub,Chiffchaff,Phylloscopus collybita,381,100,green,,
Attenborough,10,52.892905,-1.237235,mixed scrub,Greenfinch,Chloris chloris,340,100,red,,
Attenborough,10,52.892905,-1.237235,mixed scrub,Blackcap,Sylvia atricapilla,201,100,green,,
Attenborough,10,52.892905,-1.237235,mixed scrub,Robin,Erithacus rubecula,188,100,green,,
Attenborough,10,52.892905,-1.237235,mixed scrub,Blue Tit,Cyanistes caeruleus,168,100,green,,
Attenborough,10,52.892905,-1.237235,mixed scrub,Woodpigeon,Columba palumbus,134,100,amber,,
Attenborough,10,52.892905,-1.237235,mixed scrub,Greylag Goose,Anser anser,100,100,amber,,
Attenborough,10,52.892905,-1.237235,mixed scrub,Magpie,Pica pica,97,100,green,,
Attenborough,10,52.892905,-1.237235,mixed scrub,Reed Warbler,Acrocephalus scirpaceus,83,80,green,,
Attenborough,10,52.892905,-1.237235,mixed scrub,Blackbird,Turdus merula,73,100,green,,
Attenborough,10,52.892905,-1.237235,mixed scrub,Canada Goose,Branta canadensis,66,100,introduced,,
Attenborough,10,52.892905,-1.237235,mixed scrub,Cuckoo,Cuculus canorus,61,60,red,,
Attenborough,10,52.892905,-1.237235,mixed scrub,Long-tailed Tit,Aegithalos caudatus,54,100,green,,
Attenborough,10,52.892905,-1.237235,mixed scrub,Song Thrush,Turdus philomelos,48,100,amber,,
Attenborough,10,52.892905,-1.237235,mixed scrub,Dunnock,Prunella modularis,38,100,amber,,
Attenborough,10,52.892905,-1.237235,mixed scrub,Great Spotted Woodpecker,Dendrocopos major,36,100,green,,
Attenborough,10,52.892905,-1.237235,mixed scrub,Coot,Fulica atra,31,100,green,,
Attenborough,10,52.892905,-1.237235,mixed scrub,Moorhen,Gallinula chloropus,28,100,amber,,
Attenborough,10,52.892905,-1.237235,mixed scrub,Carrion Crow,Corvus corone,25,60,green,,
Attenborough,10,52.892905,-1.237235,mixed scrub,Reed Bunting,Emberiza schoeniclus,23,80,amber,,
Attenborough,10,52.892905,-1.237235,mixed scrub,Collared Dove,Streptopelia decaocto,20,80,green,,
Attenborough,10,52.892905,-1.237235,mixed scrub,Great Tit,Parus major,17,60,green,,
Attenborough,10,52.892905,-1.237235,mixed scrub,Mute Swan,Cygnus olor,12,100,green,,
Attenborough,10,52.892905,-1.237235,mixed scrub,Goldfinch,Carduelis carduelis,12,100,green,,
Attenborough,10,52.892905,-1.237235,mixed scrub,Mallard,Anas platyrhynchos,10,60,amber,,
Attenborough,10,52.892905,-1.237235,mixed scrub,Linnet,Linaria cannabina,9,80,red,,
Attenborough,10,52.892905,-1.237235,mixed scrub,Oystercatcher,Haematopus ostralegus,7,60,amber,,
Attenborough,10,52.892905,-1.237235,mixed scrub,Grey Heron,Ardea cinerea,6,100,green,,
Attenborough,10,52.892905,-1.237235,mixed scrub,Sand Martin,Riparia riparia,4,40,green,,
Attenborough,10,52.892905,-1.237235,mixed scrub,Pheasant,Phasianus colchicus,4,60,introduced,,
Attenborough,10,52.892905,-1.237235,mixed scrub,Jackdaw,Corvus monedula,2,40,green,,
Attenborough,11,52.90371,-1.23148,lowland mixed deciduous woodland,Robin,Erithacus rubecula,638,100,green,,
Attenborough,11,52.90371,-1.23148,lowland mixed deciduous woodland,Woodpigeon,Columba palumbus,494,100,amber,,
Attenborough,11,52.90371,-1.23148,lowland mixed deciduous woodland,Wren,Troglodytes troglodytes,319,100,amber,,
Attenborough,11,52.90371,-1.23148,lowland mixed deciduous woodland,Blue Tit,Cyanistes caeruleus,273,100,green,,
Attenborough,11,52.90371,-1.23148,lowland mixed deciduous woodland,Song Thrush,Turdus philomelos,260,100,amber,,
Attenborough,11,52.90371,-1.23148,lowland mixed deciduous woodland,Canada Goose,Branta canadensis,207,100,introduced,,
Attenborough,11,52.90371,-1.23148,lowland mixed deciduous woodland,Magpie,Pica pica,156,100,green,,
Attenborough,11,52.90371,-1.23148,lowland mixed deciduous woodland,Blackbird,Turdus merula,151,100,green,,
Attenborough,11,52.90371,-1.23148,lowland mixed deciduous woodland,Dunnock,Prunella modularis,132,100,amber,,
Attenborough,11,52.90371,-1.23148,lowland mixed deciduous woodland,Goldfinch,Carduelis carduelis,127,87.5,green,,
Attenborough,11,52.90371,-1.23148,lowland mixed deciduous woodland,Goldcrest,Regulus regulus,101,87.5,green,,
Attenborough,11,52.90371,-1.23148,lowland mixed deciduous woodland,Mallard,Anas platyrhynchos,96,87.5,amber,,
Attenborough,11,52.90371,-1.23148,lowland mixed deciduous woodland,Long-tailed Tit,Aegithalos caudatus,87,75,green,,
Attenborough,11,52.90371,-1.23148,lowland mixed deciduous woodland,Black-headed Gull,Chroicocephalus ridibundus,85,100,amber,,
Attenborough,11,52.90371,-1.23148,lowland mixed deciduous woodland,Greenfinch,Chloris chloris,68,100,red,,
Attenborough,11,52.90371,-1.23148,lowland mixed deciduous woodland,Great Tit,Parus major,50,100,green,,
Attenborough,11,52.90371,-1.23148,lowland mixed deciduous woodland,Coot,Fulica atra,43,87.5,green,,
Attenborough,11,52.90371,-1.23148,lowland mixed deciduous woodland,Carrion Crow,Corvus corone,36,100,green,,
Attenborough,11,52.90371,-1.23148,lowland mixed deciduous woodland,Chaffinch,Fringilla coelebs,22,50,green,,
Attenborough,11,52.90371,-1.23148,lowland mixed deciduous woodland,Moorhen,Gallinula chloropus,20,100,amber,,
Attenborough,11,52.90371,-1.23148,lowland mixed deciduous woodland,Great Spotted Woodpecker,Dendrocopos major,19,25,green,,
Attenborough,11,52.90371,-1.23148,lowland mixed deciduous woodland,Oystercatcher,Haematopus ostralegus,15,25,amber,,
Attenborough,11,52.90371,-1.23148,lowland mixed deciduous woodland,Greylag Goose,Anser anser,14,75,amber,,
Attenborough,11,52.90371,-1.23148,lowland mixed deciduous woodland,Blackcap,Sylvia atricapilla,13,75,green,,
Attenborough,11,52.90371,-1.23148,lowland mixed deciduous woodland,Jackdaw,Corvus monedula,6,50,green,,
Attenborough,11,52.90371,-1.23148,lowland mixed deciduous woodland,Chiffchaff,Phylloscopus collybita,6,37.5,green,,
Attenborough,11,52.90371,-1.23148,lowland mixed deciduous woodland,Reed Warbler,Acrocephalus scirpaceus,5,25,green,,
Attenborough,11,52.90371,-1.23148,lowland mixed deciduous woodland,Lesser Black-backed Gull,Larus fuscus,5,25,amber,,
Attenborough,11,52.90371,-1.23148,lowland mixed deciduous woodland,Rook,Corvus frugilegus,5,50,amber,,
Attenborough,11,52.90371,-1.23148,lowland mixed deciduous woodland,Green Woodpecker,Picus viridis,5,37.5,green,,
Attenborough,12,52.902578,-1.231977,lowland mixed deciduous woodland,Wren,Troglodytes troglodytes,1281,100,amber,,
Attenborough,12,52.902578,-1.231977,lowland mixed deciduous woodland,Black-headed Gull,Chroicocephalus ridibundus,521,100,amber,,
Attenborough,12,52.902578,-1.231977,lowland mixed deciduous woodland,Woodpigeon,Columba palumbus,436,100,amber,,
Attenborough,12,52.902578,-1.231977,lowland mixed deciduous woodland,Robin,Erithacus rubecula,316,100,green,,
Attenborough,12,52.902578,-1.231977,lowland mixed deciduous woodland,Blue Tit,Cyanistes caeruleus,223,100,green,,
Attenborough,12,52.902578,-1.231977,lowland mixed deciduous woodland,Magpie,Pica pica,187,100,green,,
Attenborough,12,52.902578,-1.231977,lowland mixed deciduous woodland,Chiffchaff,Phylloscopus collybita,139,100,green,,
Attenborough,12,52.902578,-1.231977,lowland mixed deciduous woodland,Goldcrest,Regulus regulus,119,100,green,,
Attenborough,12,52.902578,-1.231977,lowland mixed deciduous woodland,Canada Goose,Branta canadensis,95,100,introduced,,
Attenborough,12,52.902578,-1.231977,lowland mixed deciduous woodland,Long-tailed Tit,Aegithalos caudatus,88,62.5,green,,
Attenborough,12,52.902578,-1.231977,lowland mixed deciduous woodland,Carrion Crow,Corvus corone,79,100,green,,
Attenborough,12,52.902578,-1.231977,lowland mixed deciduous woodland,Blackcap,Sylvia atricapilla,73,100,green,,
Attenborough,12,52.902578,-1.231977,lowland mixed deciduous woodland,Great Tit,Parus major,67,87.5,green,,
Attenborough,12,52.902578,-1.231977,lowland mixed deciduous woodland,Mallard,Anas platyrhynchos,62,100,amber,,
Attenborough,12,52.902578,-1.231977,lowland mixed deciduous woodland,Coot,Fulica atra,60,87.5,green,,
Attenborough,12,52.902578,-1.231977,lowland mixed deciduous woodland,Treecreeper,Certhia familiaris,55,75,green,,
Attenborough,12,52.902578,-1.231977,lowland mixed deciduous woodland,Common Tern,Sterna hirundo,51,100,amber,,
Attenborough,12,52.902578,-1.231977,lowland mixed deciduous woodland,Blackbird,Turdus merula,46,87.5,green,,
Attenborough,12,52.902578,-1.231977,lowland mixed deciduous woodland,Coal Tit,Periparus ater,43,100,green,,
Attenborough,12,52.902578,-1.231977,lowland mixed deciduous woodland,Kingfisher,Alcedo atthis,40,75,green,,
Attenborough,12,52.902578,-1.231977,lowland mixed deciduous woodland,Greylag Goose,Anser anser,39,87.5,amber,,
Attenborough,12,52.902578,-1.231977,lowland mixed deciduous woodland,Stock Dove,Columba oenas,27,100,amber,,
Attenborough,12,52.902578,-1.231977,lowland mixed deciduous woodland,Moorhen,Gallinula chloropus,22,75,amber,,
Attenborough,12,52.902578,-1.231977,lowland mixed deciduous woodland,Oystercatcher,Haematopus ostralegus,21,50,amber,,
Attenborough,12,52.902578,-1.231977,lowland mixed deciduous woodland,Great Crested Grebe,Podiceps cristatus,18,75,green,,
Attenborough,12,52.902578,-1.231977,lowland mixed deciduous woodland,Herring Gull,Larus argentatus,16,62.5,red,,
Attenborough,12,52.902578,-1.231977,lowland mixed deciduous woodland,Dunnock,Prunella modularis,16,62.5,amber,,
Attenborough,12,52.902578,-1.231977,lowland mixed deciduous woodland,Goldfinch,Carduelis carduelis,13,75,green,,
Attenborough,12,52.902578,-1.231977,lowland mixed deciduous woodland,Great Spotted Woodpecker,Dendrocopos major,10,75,green,,
Attenborough,12,52.902578,-1.231977,lowland mixed deciduous woodland,Jackdaw,Corvus monedula,8,50,green,,
Attenborough,12,52.902578,-1.231977,lowland mixed deciduous woodland,Lesser Black-backed Gull,Larus fuscus,8,37.5,amber,,
Attenborough,12,52.902578,-1.231977,lowland mixed deciduous woodland,Song Thrush,Turdus philomelos,8,62.5,amber,,
Attenborough,12,52.902578,-1.231977,lowland mixed deciduous woodland,Grey Heron,Ardea cinerea,6,50,green,,
Attenborough,12,52.902578,-1.231977,lowland mixed deciduous woodland,Swift,Apus apus,4,25,red,,
Attenborough,12,52.902578,-1.231977,lowland mixed deciduous woodland,Chaffinch,Fringilla coelebs,4,25,green,,
Attenborough,12,52.902578,-1.231977,lowland mixed deciduous woodland,Mute Swan,Cygnus olor,3,12.5,green,,
Attenborough,12,52.902578,-1.231977,lowland mixed deciduous woodland,Tufted Duck,Aythya fuligula,2,12.5,green,,
Attenborough,12,52.902578,-1.231977,lowland mixed deciduous woodland,Buzzard,Buteo buteo,2,25,green,,
Attenborough,13,52.899436,-1.230377,reedbed,Sedge Warbler,Acrocephalus schoenobaenus,6488,100,amber,,
Attenborough,13,52.899436,-1.230377,reedbed,Reed Bunting,Emberiza schoeniclus,1625,100,amber,,
Attenborough,13,52.899436,-1.230377,reedbed,Linnet,Linaria cannabina,672,100,red,,
Attenborough,13,52.899436,-1.230377,reedbed,Canada Goose,Branta canadensis,547,100,introduced,,
Attenborough,13,52.899436,-1.230377,reedbed,Reed Warbler,Acrocephalus scirpaceus,200,100,green,,
Attenborough,13,52.899436,-1.230377,reedbed,Greenfinch,Chloris chloris,191,100,red,,
Attenborough,13,52.899436,-1.230377,reedbed,Cettis Warbler,Cettia cetti,180,100,green,,
Attenborough,13,52.899436,-1.230377,reedbed,Song Thrush,Turdus philomelos,122,75,amber,,
Attenborough,13,52.899436,-1.230377,reedbed,Greylag Goose,Anser anser,102,100,amber,,
Attenborough,13,52.899436,-1.230377,reedbed,Black-headed Gull,Chroicocephalus ridibundus,89,100,amber,,
Attenborough,13,52.899436,-1.230377,reedbed,Mallard,Anas platyrhynchos,77,87.5,amber,,
Attenborough,13,52.899436,-1.230377,reedbed,Blue Tit,Cyanistes caeruleus,73,87.5,green,,
Attenborough,13,52.899436,-1.230377,reedbed,Dunnock,Prunella modularis,59,87.5,amber,,
Attenborough,13,52.899436,-1.230377,reedbed,Gadwall,Mareca strepera,56,87.5,amber,,
Attenborough,13,52.899436,-1.230377,reedbed,Moorhen,Gallinula chloropus,50,100,amber,,
Attenborough,13,52.899436,-1.230377,reedbed,Cuckoo,Cuculus canorus,45,75,red,,
Attenborough,13,52.899436,-1.230377,reedbed,Coot,Fulica atra,41,87.5,green,,
Attenborough,13,52.899436,-1.230377,reedbed,Whitethroat,Curruca communis,31,50,amber,,
Attenborough,13,52.899436,-1.230377,reedbed,Garden Warbler,Sylvia borin,26,87.5,green,,
Attenborough,13,52.899436,-1.230377,reedbed,Woodpigeon,Columba palumbus,19,50,amber,,
Attenborough,13,52.899436,-1.230377,reedbed,Common Tern,Sterna hirundo,17,62.5,amber,,
Attenborough,13,52.899436,-1.230377,reedbed,Mute Swan,Cygnus olor,16,62.5,green,,
Attenborough,13,52.899436,-1.230377,reedbed,Goldfinch,Carduelis carduelis,15,87.5,green,,
Attenborough,13,52.899436,-1.230377,reedbed,Great Tit,Parus major,13,50,green,,
Attenborough,13,52.899436,-1.230377,reedbed,Chiffchaff,Phylloscopus collybita,12,50,green,,
Attenborough,13,52.899436,-1.230377,reedbed,Herring Gull,Larus argentatus,9,50,red,,
Attenborough,13,52.899436,-1.230377,reedbed,Grey Heron,Ardea cinerea,6,50,green,,
Attenborough,13,52.899436,-1.230377,reedbed,Magpie,Pica pica,5,25,green,,
Attenborough,13,52.899436,-1.230377,reedbed,Tufted Duck,Aythya fuligula,5,25,green,,
Attenborough,13,52.899436,-1.230377,reedbed,Blackbird,Turdus merula,4,25,green,,
Attenborough,13,52.899436,-1.230377,reedbed,Carrion Crow,Corvus corone,4,25,green,,
Attenborough,13,52.899436,-1.230377,reedbed,Teal,Anas crecca,4,12.5,amber,,
Attenborough,13,52.899436,-1.230377,reedbed,Egyptian Goose,Alopochen aegyptiaca,2,12.5,introduced,,
Attenborough,13,52.899436,-1.230377,reedbed,Blackcap,Sylvia atricapilla,2,12.5,green,,
Attenborough,14,52.899783,-1.229642,reedbed,Sedge Warbler,Acrocephalus schoenobaenus,861,100,amber,,
Attenborough,14,52.899783,-1.229642,reedbed,Reed Bunting,Emberiza schoeniclus,788,100,amber,,
Attenborough,14,52.899783,-1.229642,reedbed,Greenfinch,Chloris chloris,735,100,red,,
Attenborough,14,52.899783,-1.229642,reedbed,Canada Goose,Branta canadensis,296,100,introduced,,
Attenborough,14,52.899783,-1.229642,reedbed,Reed Warbler,Acrocephalus scirpaceus,282,100,green,,
Attenborough,14,52.899783,-1.229642,reedbed,Garden Warbler,Sylvia borin,251,100,green,,
Attenborough,14,52.899783,-1.229642,reedbed,Cettis Warbler,Cettia cetti,240,100,green,,
Attenborough,14,52.899783,-1.229642,reedbed,Song Thrush,Turdus philomelos,235,100,amber,,
Attenborough,14,52.899783,-1.229642,reedbed,Dunnock,Prunella modularis,218,100,amber,,
Attenborough,14,52.899783,-1.229642,reedbed,Linnet,Linaria cannabina,209,100,red,,
Attenborough,14,52.899783,-1.229642,reedbed,Greylag Goose,Anser anser,119,100,amber,,
Attenborough,14,52.899783,-1.229642,reedbed,Black-headed Gull,Chroicocephalus ridibundus,97,75,amber,,
Attenborough,14,52.899783,-1.229642,reedbed,Moorhen,Gallinula chloropus,72,100,amber,,
Attenborough,14,52.899783,-1.229642,reedbed,Whitethroat,Curruca communis,69,75,amber,,
Attenborough,14,52.899783,-1.229642,reedbed,Mallard,Anas platyrhynchos,48,75,amber,,
Attenborough,14,52.899783,-1.229642,reedbed,Blue Tit,Cyanistes caeruleus,44,87.5,green,,
Attenborough,14,52.899783,-1.229642,reedbed,Cuckoo,Cuculus canorus,41,37.5,red,,
Attenborough,14,52.899783,-1.229642,reedbed,Starling,Sturnus vulgaris,37,25,red,,
Attenborough,14,52.899783,-1.229642,reedbed,Goldfinch,Carduelis carduelis,36,100,green,,
Attenborough,14,52.899783,-1.229642,reedbed,Coot,Fulica atra,33,87.5,green,,
Attenborough,14,52.899783,-1.229642,reedbed,Lesser Whitethroat,Curruca curruca,31,0,green,,
Attenborough,14,52.899783,-1.229642,reedbed,Gadwall,Mareca strepera,24,100,amber,,
Attenborough,14,52.899783,-1.229642,reedbed,Oystercatcher,Haematopus ostralegus,19,37.5,amber,,
Attenborough,14,52.899783,-1.229642,reedbed,Chiffchaff,Phylloscopus collybita,18,50,green,,
Attenborough,14,52.899783,-1.229642,reedbed,Woodpigeon,Columba palumbus,16,50,amber,,
Attenborough,14,52.899783,-1.229642,reedbed,Mute Swan,Cygnus olor,13,62.5,green,,
Attenborough,14,52.899783,-1.229642,reedbed,Herring Gull,Larus argentatus,11,62.5,red,,
Attenborough,14,52.899783,-1.229642,reedbed,Egyptian Goose,Alopochen aegyptiaca,9,25,introduced,,
Attenborough,14,52.899783,-1.229642,reedbed,Blackbird,Turdus merula,9,37.5,green,,
Attenborough,14,52.899783,-1.229642,reedbed,Carrion Crow,Corvus corone,9,62.5,green,,
Attenborough,14,52.899783,-1.229642,reedbed,Magpie,Pica pica,7,25,green,,
Attenborough,14,52.899783,-1.229642,reedbed,Long-tailed Tit,Aegithalos caudatus,5,37.5,green,,
Attenborough,14,52.899783,-1.229642,reedbed,Tufted Duck,Aythya fuligula,4,12.5,green,,
Attenborough,14,52.899783,-1.229642,reedbed,Grey Heron,Ardea cinerea,3,25,green,,
Attenborough,14,52.899783,-1.229642,reedbed,Jackdaw,Corvus monedula,2,25,green,,
Attenborough,15,52.896359,-1.225334,mixed scrub,Canada Goose,Branta canadensis,3840,100,introduced,,
Attenborough,15,52.896359,-1.225334,mixed scrub,Greylag Goose,Anser anser,1633,100,amber,,
Attenborough,15,52.896359,-1.225334,mixed scrub,Blackcap,Sylvia atricapilla,1327,100,green,,
Attenborough,15,52.896359,-1.225334,mixed scrub,Wren,Troglodytes troglodytes,639,100,amber,,
Attenborough,15,52.896359,-1.225334,mixed scrub,Cettis Warbler,Cettia cetti,477,100,green,,
Attenborough,15,52.896359,-1.225334,mixed scrub,Coot,Fulica atra,378,100,green,,
Attenborough,15,52.896359,-1.225334,mixed scrub,Robin,Erithacus rubecula,315,100,green,,
Attenborough,15,52.896359,-1.225334,mixed scrub,Whitethroat,Curruca communis,241,100,amber,,
Attenborough,15,52.896359,-1.225334,mixed scrub,Chiffchaff,Phylloscopus collybita,231,100,green,,
Attenborough,15,52.896359,-1.225334,mixed scrub,Dunnock,Prunella modularis,176,100,amber,,
Attenborough,15,52.896359,-1.225334,mixed scrub,Egyptian Goose,Alopochen aegyptiaca,162,100,introduced,,
Attenborough,15,52.896359,-1.225334,mixed scrub,Song Thrush,Turdus philomelos,136,100,amber,,
Attenborough,15,52.896359,-1.225334,mixed scrub,Long-tailed Tit,Aegithalos caudatus,127,100,green,,
Attenborough,15,52.896359,-1.225334,mixed scrub,Blue Tit,Cyanistes caeruleus,122,87.5,green,,
Attenborough,15,52.896359,-1.225334,mixed scrub,Oystercatcher,Haematopus ostralegus,116,100,amber,,
Attenborough,15,52.896359,-1.225334,mixed scrub,Greenfinch,Chloris chloris,104,87.5,red,,
Attenborough,15,52.896359,-1.225334,mixed scrub,Cuckoo,Cuculus canorus,91,62.5,red,,
Attenborough,15,52.896359,-1.225334,mixed scrub,Mallard,Anas platyrhynchos,86,100,amber,,
Attenborough,15,52.896359,-1.225334,mixed scrub,Blackbird,Turdus merula,80,87.5,green,,
Attenborough,15,52.896359,-1.225334,mixed scrub,Garden Warbler,Sylvia borin,79,100,green,,
Attenborough,15,52.896359,-1.225334,mixed scrub,Treecreeper,Certhia familiaris,56,87.5,green,,
Attenborough,15,52.896359,-1.225334,mixed scrub,Goldfinch,Carduelis carduelis,55,87.5,green,,
Attenborough,15,52.896359,-1.225334,mixed scrub,Carrion Crow,Corvus corone,50,100,green,,
Attenborough,15,52.896359,-1.225334,mixed scrub,Black-headed Gull,Chroicocephalus ridibundus,39,75,amber,,
Attenborough,15,52.896359,-1.225334,mixed scrub,Woodpigeon,Columba palumbus,37,100,amber,,
Attenborough,15,52.896359,-1.225334,mixed scrub,Herring Gull,Larus argentatus,27,75,red,,
Attenborough,15,52.896359,-1.225334,mixed scrub,Moorhen,Gallinula chloropus,21,87.5,amber,,
Attenborough,15,52.896359,-1.225334,mixed scrub,Yellow-legged Gull,Larus michahellis,16,75,amber,,
Attenborough,15,52.896359,-1.225334,mixed scrub,Grey Heron,Ardea cinerea,13,75,green,,
Attenborough,15,52.896359,-1.225334,mixed scrub,Mute Swan,Cygnus olor,13,50,green,,
Attenborough,15,52.896359,-1.225334,mixed scrub,Bullfinch,Pyrrhula pyrrhula,8,50,amber,,
Attenborough,15,52.896359,-1.225334,mixed scrub,Little Ringed Plover,Charadrius dubius,7,50,green,,
Attenborough,15,52.896359,-1.225334,mixed scrub,Little Grebe,Tachybaptus ruficollis,7,25,green,,
Attenborough,15,52.896359,-1.225334,mixed scrub,Pheasant,Phasianus colchicus,7,50,introduced,,
Attenborough,15,52.896359,-1.225334,mixed scrub,Teal,Anas crecca,5,50,amber,,
Attenborough,15,52.896359,-1.225334,mixed scrub,Reed Warbler,Acrocephalus scirpaceus,4,25,green,,
Attenborough,15,52.896359,-1.225334,mixed scrub,Swallow,Hirundo rustica,4,25,green,,
Attenborough,15,52.896359,-1.225334,mixed scrub,Tufted Duck,Aythya fuligula,4,37.5,green,,
Attenborough,15,52.896359,-1.225334,mixed scrub,Swift,Apus apus,4,25,red,,
Attenborough,15,52.896359,-1.225334,mixed scrub,Common Tern,Sterna hirundo,3,25,amber,,
Attenborough,15,52.896359,-1.225334,mixed scrub,Magpie,Pica pica,3,25,green,,
Attenborough,16,52.898108,-1.220923,other neutral grassland,Sedge Warbler,Acrocephalus schoenobaenus,4052,100,amber,,
Attenborough,16,52.898108,-1.220923,other neutral grassland,Wren,Troglodytes troglodytes,1748,100,amber,,
Attenborough,16,52.898108,-1.220923,other neutral grassland,Canada Goose,Branta canadensis,779,100,introduced,,
Attenborough,16,52.898108,-1.220923,other neutral grassland,Blue Tit,Cyanistes caeruleus,513,100,green,,
Attenborough,16,52.898108,-1.220923,other neutral grassland,Dunnock,Prunella modularis,354,100,amber,,
Attenborough,16,52.898108,-1.220923,other neutral grassland,Greylag Goose,Anser anser,327,100,amber,,
Attenborough,16,52.898108,-1.220923,other neutral grassland,Robin,Erithacus rubecula,249,100,green,,
Attenborough,16,52.898108,-1.220923,other neutral grassland,Magpie,Pica pica,225,100,green,,
Attenborough,16,52.898108,-1.220923,other neutral grassland,Garden Warbler,Sylvia borin,197,100,green,,
Attenborough,16,52.898108,-1.220923,other neutral grassland,Woodpigeon,Columba palumbus,193,100,amber,,
Attenborough,16,52.898108,-1.220923,other neutral grassland,Blackbird,Turdus merula,173,87.5,green,,
Attenborough,16,52.898108,-1.220923,other neutral grassland,Whitethroat,Curruca communis,117,100,amber,,
Attenborough,16,52.898108,-1.220923,other neutral grassland,Coot,Fulica atra,90,100,green,,
Attenborough,16,52.898108,-1.220923,other neutral grassland,Blackcap,Sylvia atricapilla,81,100,green,,
Attenborough,16,52.898108,-1.220923,other neutral grassland,Song Thrush,Turdus philomelos,68,87.5,amber,,
Attenborough,16,52.898108,-1.220923,other neutral grassland,Long-tailed Tit,Aegithalos caudatus,66,87.5,green,,
Attenborough,16,52.898108,-1.220923,other neutral grassland,Cettis Warbler,Cettia cetti,63,100,green,,
Attenborough,16,52.898108,-1.220923,other neutral grassland,Cuckoo,Cuculus canorus,52,75,red,,
Attenborough,16,52.898108,-1.220923,other neutral grassland,Great Tit,Parus major,48,87.5,green,,
Attenborough,16,52.898108,-1.220923,other neutral grassland,Pheasant,Phasianus colchicus,40,62.5,introduced,,
Attenborough,16,52.898108,-1.220923,other neutral grassland,Oystercatcher,Haematopus ostralegus,27,75,amber,,
Attenborough,16,52.898108,-1.220923,other neutral grassland,Greenfinch,Chloris chloris,24,37.5,red,,
Attenborough,16,52.898108,-1.220923,other neutral grassland,Coal Tit,Periparus ater,21,87.5,green,,
Attenborough,16,52.898108,-1.220923,other neutral grassland,Swift,Apus apus,20,50,red,,
Attenborough,16,52.898108,-1.220923,other neutral grassland,Kingfisher,Alcedo atthis,17,75,green,,
Attenborough,16,52.898108,-1.220923,other neutral grassland,Carrion Crow,Corvus corone,16,75,green,,
Attenborough,16,52.898108,-1.220923,other neutral grassland,Jackdaw,Corvus monedula,12,37.5,green,,
Attenborough,16,52.898108,-1.220923,other neutral grassland,Herring Gull,Larus argentatus,11,50,red,,
Attenborough,16,52.898108,-1.220923,other neutral grassland,Egyptian Goose,Alopochen aegyptiaca,8,50,introduced,,
Attenborough,16,52.898108,-1.220923,other neutral grassland,Grey Heron,Ardea cinerea,8,37.5,green,,
Attenborough,16,52.898108,-1.220923,other neutral grassland,Little Grebe,Tachybaptus ruficollis,7,12.5,green,,
Attenborough,16,52.898108,-1.220923,other neutral grassland,Mallard,Anas platyrhynchos,7,75,amber,,
Attenborough,16,52.898108,-1.220923,other neutral grassland,House Martin,Delichon urbicum,4,25,red,,
Attenborough,16,52.898108,-1.220923,other neutral grassland,Moorhen,Gallinula chloropus,1,12.5,amber,,
Attenborough,16,52.898108,-1.220923,other neutral grassland,Barn Owl,Tyto alba,1,12.5,green,,
Attenborough,17,52.901067,-1.221877,reedbed,Wren,Troglodytes troglodytes,2484,100,amber,,
Attenborough,17,52.901067,-1.221877,reedbed,Reed Warbler,Acrocephalus scirpaceus,1257,100,green,,
Attenborough,17,52.901067,-1.221877,reedbed,Reed Bunting,Emberiza schoeniclus,966,100,amber,,
Attenborough,17,52.901067,-1.221877,reedbed,Canada Goose,Branta canadensis,242,100,introduced,,
Attenborough,17,52.901067,-1.221877,reedbed,Woodpigeon,Columba palumbus,218,100,amber,,
Attenborough,17,52.901067,-1.221877,reedbed,Garden Warbler,Sylvia borin,162,100,green,,
Attenborough,17,52.901067,-1.221877,reedbed,Cuckoo,Cuculus canorus,147,100,red,,
Attenborough,17,52.901067,-1.221877,reedbed,Blackbird,Turdus merula,113,100,green,,
Attenborough,17,52.901067,-1.221877,reedbed,Robin,Erithacus rubecula,112,100,green,,
Attenborough,17,52.901067,-1.221877,reedbed,Blackcap,Sylvia atricapilla,98,87.5,green,,
Attenborough,17,52.901067,-1.221877,reedbed,Greylag Goose,Anser anser,95,100,amber,,
Attenborough,17,52.901067,-1.221877,reedbed,Coot,Fulica atra,81,100,green,,
Attenborough,17,52.901067,-1.221877,reedbed,Cettis Warbler,Cettia cetti,81,100,green,,
Attenborough,17,52.901067,-1.221877,reedbed,Carrion Crow,Corvus corone,73,100,green,,
Attenborough,17,52.901067,-1.221877,reedbed,Blue Tit,Cyanistes caeruleus,62,100,green,,
Attenborough,17,52.901067,-1.221877,reedbed,Goldfinch,Carduelis carduelis,61,87.5,green,,
Attenborough,17,52.901067,-1.221877,reedbed,Magpie,Pica pica,45,75,green,,
Attenborough,17,52.901067,-1.221877,reedbed,Long-tailed Tit,Aegithalos caudatus,32,87.5,green,,
Attenborough,17,52.901067,-1.221877,reedbed,Moorhen,Gallinula chloropus,32,100,amber,,
Attenborough,17,52.901067,-1.221877,reedbed,Mallard,Anas platyrhynchos,31,62.5,amber,,
Attenborough,17,52.901067,-1.221877,reedbed,Treecreeper,Certhia familiaris,20,75,green,,
Attenborough,17,52.901067,-1.221877,reedbed,Dunnock,Prunella modularis,17,75,amber,,
Attenborough,17,52.901067,-1.221877,reedbed,Oystercatcher,Haematopus ostralegus,11,62.5,amber,,
Attenborough,17,52.901067,-1.221877,reedbed,Greenfinch,Chloris chloris,11,62.5,red,,
Attenborough,17,52.901067,-1.221877,reedbed,Chiffchaff,Phylloscopus collybita,11,37.5,green,,
Attenborough,17,52.901067,-1.221877,reedbed,Grey Heron,Ardea cinerea,10,62.5,green,,
Attenborough,17,52.901067,-1.221877,reedbed,Goldcrest,Regulus regulus,7,12.5,green,,
Attenborough,17,52.901067,-1.221877,reedbed,Great Spotted Woodpecker,Dendrocopos major,6,50,green,,
Attenborough,17,52.901067,-1.221877,reedbed,Rook,Corvus frugilegus,4,37.5,amber,,
Attenborough,17,52.901067,-1.221877,reedbed,Common Tern,Sterna hirundo,4,25,amber,,
Attenborough,17,52.901067,-1.221877,reedbed,Mute Swan,Cygnus olor,2,25,green,,
Attenborough,17,52.901067,-1.221877,reedbed,Jackdaw,Corvus monedula,2,12.5,green,,
Attenborough,17,52.901067,-1.221877,reedbed,Swift,Apus apus,1,12.5,red,,
Attenborough,18,52.900231,-1.224224,wet woodland,Garden Warbler,Sylvia borin,681,87.5,green,,
Attenborough,18,52.900231,-1.224224,wet woodland,Robin,Erithacus rubecula,632,100,green,,
Attenborough,18,52.900231,-1.224224,wet woodland,Cuckoo,Cuculus canorus,385,100,red,,
Attenborough,18,52.900231,-1.224224,wet woodland,Cettis Warbler,Cettia cetti,361,100,green,,
Attenborough,18,52.900231,-1.224224,wet woodland,Canada Goose,Branta canadensis,336,100,introduced,,
Attenborough,18,52.900231,-1.224224,wet woodland,Wren,Troglodytes troglodytes,325,100,amber,,
Attenborough,18,52.900231,-1.224224,wet woodland,Magpie,Pica pica,252,100,green,,
Attenborough,18,52.900231,-1.224224,wet woodland,Carrion Crow,Corvus corone,239,100,green,,
Attenborough,18,52.900231,-1.224224,wet woodland,Woodpigeon,Columba palumbus,147,100,amber,,
Attenborough,18,52.900231,-1.224224,wet woodland,Greylag Goose,Anser anser,142,100,amber,,
Attenborough,18,52.900231,-1.224224,wet woodland,Chiffchaff,Phylloscopus collybita,115,100,green,,
Attenborough,18,52.900231,-1.224224,wet woodland,Blackcap,Sylvia atricapilla,106,100,green,,
Attenborough,18,52.900231,-1.224224,wet woodland,Lesser Whitethroat,Curruca curruca,77,0,green,,
Attenborough,18,52.900231,-1.224224,wet woodland,Blue Tit,Cyanistes caeruleus,53,62.5,green,,
Attenborough,18,52.900231,-1.224224,wet woodland,Long-tailed Tit,Aegithalos caudatus,45,87.5,green,,
Attenborough,18,52.900231,-1.224224,wet woodland,Coot,Fulica atra,41,100,green,,
Attenborough,18,52.900231,-1.224224,wet woodland,Reed Bunting,Emberiza schoeniclus,41,100,amber,,
Attenborough,18,52.900231,-1.224224,wet woodland,Treecreeper,Certhia familiaris,38,100,green,,
Attenborough,18,52.900231,-1.224224,wet woodland,Blackbird,Turdus merula,36,100,green,,
Attenborough,18,52.900231,-1.224224,wet woodland,Mallard,Anas platyrhynchos,32,75,amber,,
Attenborough,18,52.900231,-1.224224,wet woodland,Dunnock,Prunella modularis,30,87.5,amber,,
Attenborough,18,52.900231,-1.224224,wet woodland,Black-headed Gull,Chroicocephalus ridibundus,28,62.5,amber,,
Attenborough,18,52.900231,-1.224224,wet woodland,Oystercatcher,Haematopus ostralegus,27,75,amber,,
Attenborough,18,52.900231,-1.224224,wet woodland,Grey Heron,Ardea cinerea,27,100,green,,
Attenborough,18,52.900231,-1.224224,wet woodland,Great Tit,Parus major,25,62.5,green,,
Attenborough,18,52.900231,-1.224224,wet woodland,Moorhen,Gallinula chloropus,19,87.5,amber,,
Attenborough,18,52.900231,-1.224224,wet woodland,Herring Gull,Larus argentatus,15,37.5,red,,
Attenborough,18,52.900231,-1.224224,wet woodland,Jackdaw,Corvus monedula,13,50,green,,
Attenborough,18,52.900231,-1.224224,wet woodland,Song Thrush,Turdus philomelos,7,50,amber,,
Attenborough,18,52.900231,-1.224224,wet woodland,Buzzard,Buteo buteo,6,50,green,,
Attenborough,18,52.900231,-1.224224,wet woodland,Common Tern,Sterna hirundo,6,25,amber,,
Attenborough,18,52.900231,-1.224224,wet woodland,Rook,Corvus frugilegus,6,50,amber,,
Attenborough,18,52.900231,-1.224224,wet woodland,Egyptian Goose,Alopochen aegyptiaca,5,37.5,introduced,,
Attenborough,18,52.900231,-1.224224,wet woodland,Swift,Apus apus,4,50,red,,
Attenborough,18,52.900231,-1.224224,wet woodland,Mute Swan,Cygnus olor,1,12.5,green,,
Attenborough,19,52.903399,-1.226677,other neutral grassland,Reed Warbler,Acrocephalus scirpaceus,1330,100,green,,
Attenborough,19,52.903399,-1.226677,other neutral grassland,Reed Bunting,Emberiza schoeniclus,658,100,amber,,
Attenborough,19,52.903399,-1.226677,other neutral grassland,Wren,Troglodytes troglodytes,561,100,amber,,
Attenborough,19,52.903399,-1.226677,other neutral grassland,Woodpigeon,Columba palumbus,493,100,amber,,
Attenborough,19,52.903399,-1.226677,other neutral grassland,Robin,Erithacus rubecula,376,100,green,,
Attenborough,19,52.903399,-1.226677,other neutral grassland,Canada Goose,Branta canadensis,229,100,introduced,,
Attenborough,19,52.903399,-1.226677,other neutral grassland,Goldfinch,Carduelis carduelis,194,100,green,,
Attenborough,19,52.903399,-1.226677,other neutral grassland,Blue Tit,Cyanistes caeruleus,154,100,green,,
Attenborough,19,52.903399,-1.226677,other neutral grassland,Carrion Crow,Corvus corone,142,100,green,,
Attenborough,19,52.903399,-1.226677,other neutral grassland,Long-tailed Tit,Aegithalos caudatus,119,100,green,,
Attenborough,19,52.903399,-1.226677,other neutral grassland,Magpie,Pica pica,87,100,green,,
Attenborough,19,52.903399,-1.226677,other neutral grassland,Great Spotted Woodpecker,Dendrocopos major,73,75,green,,
Attenborough,19,52.903399,-1.226677,other neutral grassland,Dunnock,Prunella modularis,67,87.5,amber,,
Attenborough,19,52.903399,-1.226677,other neutral grassland,Blackbird,Turdus merula,62,100,green,,
Attenborough,19,52.903399,-1.226677,other neutral grassland,Blackcap,Sylvia atricapilla,61,100,green,,
Attenborough,19,52.903399,-1.226677,other neutral grassland,Treecreeper,Certhia familiaris,51,100,green,,
Attenborough,19,52.903399,-1.226677,other neutral grassland,Garden Warbler,Sylvia borin,40,75,green,,
Attenborough,19,52.903399,-1.226677,other neutral grassland,Kingfisher,Alcedo atthis,38,62.5,green,,
Attenborough,19,52.903399,-1.226677,other neutral grassland,Stock Dove,Columba oenas,36,87.5,amber,,
Attenborough,19,52.903399,-1.226677,other neutral grassland,Song Thrush,Turdus philomelos,35,75,amber,,
Attenborough,19,52.903399,-1.226677,other neutral grassland,Greenfinch,Chloris chloris,35,100,red,,
Attenborough,19,52.903399,-1.226677,other neutral grassland,Greylag Goose,Anser anser,30,100,amber,,
Attenborough,19,52.903399,-1.226677,other neutral grassland,Great Tit,Parus major,30,100,green,,
Attenborough,19,52.903399,-1.226677,other neutral grassland,Black-headed Gull,Chroicocephalus ridibundus,25,62.5,amber,,
Attenborough,19,52.903399,-1.226677,other neutral grassland,Cuckoo,Cuculus canorus,22,50,red,,
Attenborough,19,52.903399,-1.226677,other neutral grassland,Chiffchaff,Phylloscopus collybita,21,87.5,green,,
Attenborough,19,52.903399,-1.226677,other neutral grassland,Oystercatcher,Haematopus ostralegus,16,50,amber,,
Attenborough,19,52.903399,-1.226677,other neutral grassland,Mallard,Anas platyrhynchos,14,87.5,amber,,
Attenborough,19,52.903399,-1.226677,other neutral grassland,Coot,Fulica atra,13,62.5,green,,
Attenborough,19,52.903399,-1.226677,other neutral grassland,Grey Heron,Ardea cinerea,9,87.5,green,,
Attenborough,19,52.903399,-1.226677,other neutral grassland,Jackdaw,Corvus monedula,8,25,green,,
Attenborough,19,52.903399,-1.226677,other neutral grassland,Cettis Warbler,Cettia cetti,8,50,green,,
Attenborough,19,52.903399,-1.226677,other neutral grassland,Buzzard,Buteo buteo,6,50,green,,
Attenborough,19,52.903399,-1.226677,other neutral grassland,Goldcrest,Regulus regulus,6,37.5,green,,
Attenborough,19,52.903399,-1.226677,other neutral grassland,Mute Swan,Cygnus olor,5,37.5,green,,
Attenborough,19,52.903399,-1.226677,other neutral grassland,Moorhen,Gallinula chloropus,5,62.5,amber,,
Attenborough,19,52.903399,-1.226677,other neutral grassland,Green Woodpecker,Picus viridis,4,25,green,,
Attenborough,19,52.903399,-1.226677,other neutral grassland,Swift,Apus apus,3,25,red,,
Attenborough,19,52.903399,-1.226677,other neutral grassland,Chaffinch,Fringilla coelebs,3,25,green,,
Attenborough,20,52.905348,-1.224648,floodplain wetland mosaic,Wren,Troglodytes troglodytes,948,100,amber,,
Attenborough,20,52.905348,-1.224648,floodplain wetland mosaic,Great Spotted Woodpecker,Dendrocopos major,628,87.5,green,,
Attenborough,20,52.905348,-1.224648,floodplain wetland mosaic,Greenfinch,Chloris chloris,401,100,red,,
Attenborough,20,52.905348,-1.224648,floodplain wetland mosaic,Woodpigeon,Columba palumbus,367,100,amber,,
Attenborough,20,52.905348,-1.224648,floodplain wetland mosaic,Blackcap,Sylvia atricapilla,279,100,green,,
Attenborough,20,52.905348,-1.224648,floodplain wetland mosaic,Blackbird,Turdus merula,204,100,green,,
Attenborough,20,52.905348,-1.224648,floodplain wetland mosaic,Chiffchaff,Phylloscopus collybita,187,100,green,,
Attenborough,20,52.905348,-1.224648,floodplain wetland mosaic,Goldfinch,Carduelis carduelis,152,100,green,,
Attenborough,20,52.905348,-1.224648,floodplain wetland mosaic,Cettis Warbler,Cettia cetti,139,100,green,,
Attenborough,20,52.905348,-1.224648,floodplain wetland mosaic,Reed Warbler,Acrocephalus scirpaceus,125,25,green,,
Attenborough,20,52.905348,-1.224648,floodplain wetland mosaic,Lesser Whitethroat,Curruca curruca,122,0,green,,
Attenborough,20,52.905348,-1.224648,floodplain wetland mosaic,Moorhen,Gallinula chloropus,111,87.5,amber,,
Attenborough,20,52.905348,-1.224648,floodplain wetland mosaic,Song Thrush,Turdus philomelos,99,62.5,amber,,
Attenborough,20,52.905348,-1.224648,floodplain wetland mosaic,Garden Warbler,Sylvia borin,99,100,green,,
Attenborough,20,52.905348,-1.224648,floodplain wetland mosaic,Magpie,Pica pica,95,100,green,,
Attenborough,20,52.905348,-1.224648,floodplain wetland mosaic,Carrion Crow,Corvus corone,87,100,green,,
Attenborough,20,52.905348,-1.224648,floodplain wetland mosaic,Robin,Erithacus rubecula,79,100,green,,
Attenborough,20,52.905348,-1.224648,floodplain wetland mosaic,Long-tailed Tit,Aegithalos caudatus,78,75,green,,
Attenborough,20,52.905348,-1.224648,floodplain wetland mosaic,Cuckoo,Cuculus canorus,68,87.5,red,,
Attenborough,20,52.905348,-1.224648,floodplain wetland mosaic,Canada Goose,Branta canadensis,66,75,introduced,,
Attenborough,20,52.905348,-1.224648,floodplain wetland mosaic,Blue Tit,Cyanistes caeruleus,62,87.5,green,,
Attenborough,20,52.905348,-1.224648,floodplain wetland mosaic,Reed Bunting,Emberiza schoeniclus,46,62.5,amber,,
Attenborough,20,52.905348,-1.224648,floodplain wetland mosaic,Whitethroat,Curruca communis,41,100,amber,,
Attenborough,20,52.905348,-1.224648,floodplain wetland mosaic,Spotted Flycatcher,Muscicapa striata,21,87.5,red,,
Attenborough,20,52.905348,-1.224648,floodplain wetland mosaic,Oystercatcher,Haematopus ostralegus,18,75,amber,,
Attenborough,20,52.905348,-1.224648,floodplain wetland mosaic,Treecreeper,Certhia familiaris,16,87.5,green,,
Attenborough,20,52.905348,-1.224648,floodplain wetland mosaic,Coot,Fulica atra,15,50,green,,
Attenborough,20,52.905348,-1.224648,floodplain wetland mosaic,Jackdaw,Corvus monedula,14,75,green,,
Attenborough,20,52.905348,-1.224648,floodplain wetland mosaic,Great Tit,Parus major,14,50,green,,
Attenborough,20,52.905348,-1.224648,floodplain wetland mosaic,Greylag Goose,Anser anser,13,62.5,amber,,
Attenborough,20,52.905348,-1.224648,floodplain wetland mosaic,Black-headed Gull,Chroicocephalus ridibundus,10,62.5,amber,,
Attenborough,20,52.905348,-1.224648,floodplain wetland mosaic,Buzzard,Buteo buteo,10,75,green,,
Attenborough,20,52.905348,-1.224648,floodplain wetland mosaic,Grey Heron,Ardea cinerea,5,37.5,green,,
Attenborough,20,52.905348,-1.224648,floodplain wetland mosaic,Mallard,Anas platyrhynchos,5,37.5,amber,,
Attenborough,20,52.905348,-1.224648,floodplain wetland mosaic,Dunnock,Prunella modularis,4,37.5,amber,,
Attenborough,20,52.905348,-1.224648,floodplain wetland mosaic,Chaffinch,Fringilla coelebs,2,25,green,,
Attenborough,21,52.903224,-1.225456,mixed scrub,Woodpigeon,Columba palumbus,829,100,amber,,
Attenborough,21,52.903224,-1.225456,mixed scrub,Wren,Troglodytes troglodytes,791,100,amber,,
Attenborough,21,52.903224,-1.225456,mixed scrub,Robin,Erithacus rubecula,335,100,green,,
Attenborough,21,52.903224,-1.225456,mixed scrub,Carrion Crow,Corvus corone,181,100,green,,
Attenborough,21,52.903224,-1.225456,mixed scrub,Blackcap,Sylvia atricapilla,169,100,green,,
Attenborough,21,52.903224,-1.225456,mixed scrub,Kingfisher,Alcedo atthis,161,87.5,green,,
Attenborough,21,52.903224,-1.225456,mixed scrub,Rook,Corvus frugilegus,89,87.5,amber,,
Attenborough,21,52.903224,-1.225456,mixed scrub,Canada Goose,Branta canadensis,88,100,introduced,,
Attenborough,21,52.903224,-1.225456,mixed scrub,Cuckoo,Cuculus canorus,75,62.5,red,,
Attenborough,21,52.903224,-1.225456,mixed scrub,Treecreeper,Certhia familiaris,69,100,green,,
Attenborough,21,52.903224,-1.225456,mixed scrub,Magpie,Pica pica,54,100,green,,
Attenborough,21,52.903224,-1.225456,mixed scrub,Blackbird,Turdus merula,52,100,green,,
Attenborough,21,52.903224,-1.225456,mixed scrub,Greylag Goose,Anser anser,47,100,amber,,
Attenborough,21,52.903224,-1.225456,mixed scrub,Reed Warbler,Acrocephalus scirpaceus,47,100,green,,
Attenborough,21,52.903224,-1.225456,mixed scrub,Blue Tit,Cyanistes caeruleus,35,62.5,green,,
Attenborough,21,52.903224,-1.225456,mixed scrub,Long-tailed Tit,Aegithalos caudatus,33,50,green,,
Attenborough,21,52.903224,-1.225456,mixed scrub,Great Spotted Woodpecker,Dendrocopos major,30,75,green,,
Attenborough,21,52.903224,-1.225456,mixed scrub,Goldcrest,Regulus regulus,29,62.5,green,,
Attenborough,21,52.903224,-1.225456,mixed scrub,Chiffchaff,Phylloscopus collybita,25,62.5,green,,
Attenborough,21,52.903224,-1.225456,mixed scrub,Grey Heron,Ardea cinerea,19,100,green,,
Attenborough,21,52.903224,-1.225456,mixed scrub,Song Thrush,Turdus philomelos,18,37.5,amber,,
Attenborough,21,52.903224,-1.225456,mixed scrub,Oystercatcher,Haematopus ostralegus,15,50,amber,,
Attenborough,21,52.903224,-1.225456,mixed scrub,Mallard,Anas platyrhynchos,13,87.5,amber,,
Attenborough,21,52.903224,-1.225456,mixed scrub,Coot,Fulica atra,12,50,green,,
Attenborough,21,52.903224,-1.225456,mixed scrub,Common Tern,Sterna hirundo,10,50,amber,,
Attenborough,21,52.903224,-1.225456,mixed scrub,Mute Swan,Cygnus olor,9,62.5,green,,
Attenborough,21,52.903224,-1.225456,mixed scrub,Black-headed Gull,Chroicocephalus ridibundus,8,37.5,amber,,
Attenborough,21,52.903224,-1.225456,mixed scrub,Jackdaw,Corvus monedula,8,62.5,green,,
Attenborough,21,52.903224,-1.225456,mixed scrub,Buzzard,Buteo buteo,6,25,green,,
Attenborough,21,52.903224,-1.225456,mixed scrub,Goldfinch,Carduelis carduelis,5,37.5,green,,
Attenborough,21,52.903224,-1.225456,mixed scrub,Moorhen,Gallinula chloropus,3,25,amber,,
Attenborough,21,52.903224,-1.225456,mixed scrub,Chaffinch,Fringilla coelebs,2,25,green,,
Attenborough,21,52.903224,-1.225456,mixed scrub,Green Woodpecker,Picus viridis,2,12.5,green,,
Attenborough,22,52.904481,-1.22358,floodplain wetland mosaic,Cettis Warbler,Cettia cetti,1296,100,green,,
Attenborough,22,52.904481,-1.22358,floodplain wetland mosaic,Great Spotted Woodpecker,Dendrocopos major,366,100,green,,
Attenborough,22,52.904481,-1.22358,floodplain wetland mosaic,Greenfinch,Chloris chloris,301,100,red,,
Attenborough,22,52.904481,-1.22358,floodplain wetland mosaic,Lesser Whitethroat,Curruca curruca,300,0,green,,
Attenborough,22,52.904481,-1.22358,floodplain wetland mosaic,Blackcap,Sylvia atricapilla,288,100,green,,
Attenborough,22,52.904481,-1.22358,floodplain wetland mosaic,Woodpigeon,Columba palumbus,221,100,amber,,
Attenborough,22,52.904481,-1.22358,floodplain wetland mosaic,Blackbird,Turdus merula,165,100,green,,
Attenborough,22,52.904481,-1.22358,floodplain wetland mosaic,Chiffchaff,Phylloscopus collybita,150,100,green,,
Attenborough,22,52.904481,-1.22358,floodplain wetland mosaic,Canada Goose,Branta canadensis,138,100,introduced,,
Attenborough,22,52.904481,-1.22358,floodplain wetland mosaic,Goldfinch,Carduelis carduelis,118,75,green,,
Attenborough,22,52.904481,-1.22358,floodplain wetland mosaic,Blue Tit,Cyanistes caeruleus,117,75,green,,
Attenborough,22,52.904481,-1.22358,floodplain wetland mosaic,Song Thrush,Turdus philomelos,117,75,amber,,
Attenborough,22,52.904481,-1.22358,floodplain wetland mosaic,Carrion Crow,Corvus corone,113,100,green,,
Attenborough,22,52.904481,-1.22358,floodplain wetland mosaic,Magpie,Pica pica,105,100,green,,
Attenborough,22,52.904481,-1.22358,floodplain wetland mosaic,Garden Warbler,Sylvia borin,103,100,green,,
Attenborough,22,52.904481,-1.22358,floodplain wetland mosaic,Reed Bunting,Emberiza schoeniclus,100,75,amber,,
Attenborough,22,52.904481,-1.22358,floodplain wetland mosaic,Wren,Troglodytes troglodytes,86,100,amber,,
Attenborough,22,52.904481,-1.22358,floodplain wetland mosaic,Cuckoo,Cuculus canorus,76,75,red,,
Attenborough,22,52.904481,-1.22358,floodplain wetland mosaic,Great Tit,Parus major,54,75,green,,
Attenborough,22,52.904481,-1.22358,floodplain wetland mosaic,Greylag Goose,Anser anser,51,100,amber,,
Attenborough,22,52.904481,-1.22358,floodplain wetland mosaic,Stock Dove,Columba oenas,31,87.5,amber,,
Attenborough,22,52.904481,-1.22358,floodplain wetland mosaic,Long-tailed Tit,Aegithalos caudatus,29,87.5,green,,
Attenborough,22,52.904481,-1.22358,floodplain wetland mosaic,Robin,Erithacus rubecula,27,87.5,green,,
Attenborough,22,52.904481,-1.22358,floodplain wetland mosaic,Treecreeper,Certhia familiaris,27,62.5,green,,
Attenborough,22,52.904481,-1.22358,floodplain wetland mosaic,Jackdaw,Corvus monedula,22,75,green,,
Attenborough,22,52.904481,-1.22358,floodplain wetland mosaic,Whitethroat,Curruca communis,21,62.5,amber,,
Attenborough,22,52.904481,-1.22358,floodplain wetland mosaic,Grey Heron,Ardea cinerea,20,100,green,,
Attenborough,22,52.904481,-1.22358,floodplain wetland mosaic,Common Tern,Sterna hirundo,20,50,amber,,
Attenborough,22,52.904481,-1.22358,floodplain wetland mosaic,Black-headed Gull,Chroicocephalus ridibundus,19,87.5,amber,,
Attenborough,22,52.904481,-1.22358,floodplain wetland mosaic,Oystercatcher,Haematopus ostralegus,18,75,amber,,
Attenborough,22,52.904481,-1.22358,floodplain wetland mosaic,Mallard,Anas platyrhynchos,16,37.5,amber,,
Attenborough,22,52.904481,-1.22358,floodplain wetland mosaic,Coot,Fulica atra,11,37.5,green,,
Attenborough,22,52.904481,-1.22358,floodplain wetland mosaic,Buzzard,Buteo buteo,8,50,green,,
Attenborough,22,52.904481,-1.22358,floodplain wetland mosaic,Little Grebe,Tachybaptus ruficollis,6,50,green,,
Attenborough,22,52.904481,-1.22358,floodplain wetland mosaic,Kingfisher,Alcedo atthis,5,37.5,green,,
Attenborough,22,52.904481,-1.22358,floodplain wetland mosaic,Mute Swan,Cygnus olor,3,25,green,,
Attenborough,23,52.904203,-1.222278,floodplain wetland mosaic,Cettis Warbler,Cettia cetti,1279,100,green,,
Attenborough,23,52.904203,-1.222278,floodplain wetland mosaic,Wren,Troglodytes troglodytes,861,100,amber,,
Attenborough,23,52.904203,-1.222278,floodplain wetland mosaic,Blackcap,Sylvia atricapilla,567,100,green,,
Attenborough,23,52.904203,-1.222278,floodplain wetland mosaic,Blackbird,Turdus merula,333,100,green,,
Attenborough,23,52.904203,-1.222278,floodplain wetland mosaic,Great Spotted Woodpecker,Dendrocopos major,233,87.5,green,,
Attenborough,23,52.904203,-1.222278,floodplain wetland mosaic,Canada Goose,Branta canadensis,174,100,introduced,,
Attenborough,23,52.904203,-1.222278,floodplain wetland mosaic,Song Thrush,Turdus philomelos,118,62.5,amber,,
Attenborough,23,52.904203,-1.222278,floodplain wetland mosaic,Greylag Goose,Anser anser,117,100,amber,,
Attenborough,23,52.904203,-1.222278,floodplain wetland mosaic,Magpie,Pica pica,93,100,green,,
Attenborough,23,52.904203,-1.222278,floodplain wetland mosaic,Greenfinch,Chloris chloris,93,100,red,,
Attenborough,23,52.904203,-1.222278,floodplain wetland mosaic,Carrion Crow,Corvus corone,85,87.5,green,,
Attenborough,23,52.904203,-1.222278,floodplain wetland mosaic,Woodpigeon,Columba palumbus,81,100,amber,,
Attenborough,23,52.904203,-1.222278,floodplain wetland mosaic,Cuckoo,Cuculus canorus,79,100,red,,
Attenborough,23,52.904203,-1.222278,floodplain wetland mosaic,Great Tit,Parus major,49,100,green,,
Attenborough,23,52.904203,-1.222278,floodplain wetland mosaic,Chiffchaff,Phylloscopus collybita,42,100,green,,
Attenborough,23,52.904203,-1.222278,floodplain wetland mosaic,Blue Tit,Cyanistes caeruleus,35,87.5,green,,
Attenborough,23,52.904203,-1.222278,floodplain wetland mosaic,Reed Bunting,Emberiza schoeniclus,28,37.5,amber,,
Attenborough,23,52.904203,-1.222278,floodplain wetland mosaic,Long-tailed Tit,Aegithalos caudatus,25,75,green,,
Attenborough,23,52.904203,-1.222278,floodplain wetland mosaic,Mallard,Anas platyrhynchos,23,75,amber,,
Attenborough,23,52.904203,-1.222278,floodplain wetland mosaic,Lesser Whitethroat,Curruca curruca,20,0,green,,
Attenborough,23,52.904203,-1.222278,floodplain wetland mosaic,Treecreeper,Certhia familiaris,19,75,green,,
Attenborough,23,52.904203,-1.222278,floodplain wetland mosaic,Nuthatch,Sitta europaea,18,75,green,,
Attenborough,23,52.904203,-1.222278,floodplain wetland mosaic,Goldfinch,Carduelis carduelis,16,75,green,,
Attenborough,23,52.904203,-1.222278,floodplain wetland mosaic,Common Tern,Sterna hirundo,15,62.5,amber,,
Attenborough,23,52.904203,-1.222278,floodplain wetland mosaic,Black-headed Gull,Chroicocephalus ridibundus,15,62.5,amber,,
Attenborough,23,52.904203,-1.222278,floodplain wetland mosaic,Jackdaw,Corvus monedula,13,75,green,,
Attenborough,23,52.904203,-1.222278,floodplain wetland mosaic,Moorhen,Gallinula chloropus,11,37.5,amber,,
Attenborough,23,52.904203,-1.222278,floodplain wetland mosaic,Oystercatcher,Haematopus ostralegus,11,62.5,amber,,
Attenborough,23,52.904203,-1.222278,floodplain wetland mosaic,Coot,Fulica atra,9,50,green,,
Attenborough,23,52.904203,-1.222278,floodplain wetland mosaic,Grey Heron,Ardea cinerea,9,50,green,,
Attenborough,23,52.904203,-1.222278,floodplain wetland mosaic,Buzzard,Buteo buteo,7,50,green,,
Attenborough,23,52.904203,-1.222278,floodplain wetland mosaic,Chaffinch,Fringilla coelebs,3,25,green,,
Attenborough,24,52.906739,-1.223222,other neutral grassland,Chiffchaff,Phylloscopus collybita,845,100,green,,
Attenborough,24,52.906739,-1.223222,other neutral grassland,Reed Warbler,Acrocephalus scirpaceus,830,100,green,,
Attenborough,24,52.906739,-1.223222,other neutral grassland,Wren,Troglodytes troglodytes,460,100,amber,,
Attenborough,24,52.906739,-1.223222,other neutral grassland,Mallard,Anas platyrhynchos,457,100,amber,,
Attenborough,24,52.906739,-1.223222,other neutral grassland,Blackcap,Sylvia atricapilla,293,87.5,green,,
Attenborough,24,52.906739,-1.223222,other neutral grassland,Treecreeper,Certhia familiaris,276,100,green,,
Attenborough,24,52.906739,-1.223222,other neutral grassland,Moorhen,Gallinula chloropus,260,100,amber,,
Attenborough,24,52.906739,-1.223222,other neutral grassland,Lesser Whitethroat,Curruca curruca,177,0,green,,
Attenborough,24,52.906739,-1.223222,other neutral grassland,Carrion Crow,Corvus corone,157,100,green,,
Attenborough,24,52.906739,-1.223222,other neutral grassland,Long-tailed Tit,Aegithalos caudatus,156,87.5,green,,
Attenborough,24,52.906739,-1.223222,other neutral grassland,Blackbird,Turdus merula,152,87.5,green,,
Attenborough,24,52.906739,-1.223222,other neutral grassland,Blue Tit,Cyanistes caeruleus,140,87.5,green,,
Attenborough,24,52.906739,-1.223222,other neutral grassland,Greenfinch,Chloris chloris,140,100,red,,
Attenborough,24,52.906739,-1.223222,other neutral grassland,Reed Bunting,Emberiza schoeniclus,129,87.5,amber,,
Attenborough,24,52.906739,-1.223222,other neutral grassland,Magpie,Pica pica,127,100,green,,
Attenborough,24,52.906739,-1.223222,other neutral grassland,Robin,Erithacus rubecula,125,100,green,,
Attenborough,24,52.906739,-1.223222,other neutral grassland,Gadwall,Mareca strepera,116,87.5,amber,,
Attenborough,24,52.906739,-1.223222,other neutral grassland,Canada Goose,Branta canadensis,113,100,introduced,,
Attenborough,24,52.906739,-1.223222,other neutral grassland,Coot,Fulica atra,111,87.5,green,,
Attenborough,24,52.906739,-1.223222,other neutral grassland,Cuckoo,Cuculus canorus,110,87.5,red,,
Attenborough,24,52.906739,-1.223222,other neutral grassland,Garden Warbler,Sylvia borin,75,87.5,green,,
Attenborough,24,52.906739,-1.223222,other neutral grassland,Greylag Goose,Anser anser,38,75,amber,,
Attenborough,24,52.906739,-1.223222,other neutral grassland,Great Tit,Parus major,37,87.5,green,,
Attenborough,24,52.906739,-1.223222,other neutral grassland,Black-headed Gull,Chroicocephalus ridibundus,34,75,amber,,
Attenborough,24,52.906739,-1.223222,other neutral grassland,Woodpigeon,Columba palumbus,30,87.5,amber,,
Attenborough,24,52.906739,-1.223222,other neutral grassland,Jackdaw,Corvus monedula,20,100,green,,
Attenborough,24,52.906739,-1.223222,other neutral grassland,Common Tern,Sterna hirundo,16,25,amber,,
Attenborough,24,52.906739,-1.223222,other neutral grassland,Great Spotted Woodpecker,Dendrocopos major,14,50,green,,
Attenborough,24,52.906739,-1.223222,other neutral grassland,Grey Heron,Ardea cinerea,14,75,green,,
Attenborough,24,52.906739,-1.223222,other neutral grassland,Cettis Warbler,Cettia cetti,11,75,green,,
Attenborough,24,52.906739,-1.223222,other neutral grassland,Dunnock,Prunella modularis,9,37.5,amber,,
Attenborough,24,52.906739,-1.223222,other neutral grassland,Oystercatcher,Haematopus ostralegus,9,37.5,amber,,
Attenborough,24,52.906739,-1.223222,other neutral grassland,Teal,Anas crecca,6,37.5,amber,,
Attenborough,24,52.906739,-1.223222,other neutral grassland,Sparrowhawk,Accipiter nisus,6,12.5,amber,,
Attenborough,24,52.906739,-1.223222,other neutral grassland,Song Thrush,Turdus philomelos,6,37.5,amber,,
Attenborough,24,52.906739,-1.223222,other neutral grassland,Buzzard,Buteo buteo,3,25,green,,
Attenborough,25,52.904008,-1.217331,wet woodland,Garden Warbler,Sylvia borin,1568,100,green,,
Attenborough,25,52.904008,-1.217331,wet woodland,Chiffchaff,Phylloscopus collybita,1134,100,green,,
Attenborough,25,52.904008,-1.217331,wet woodland,Wren,Troglodytes troglodytes,999,100,amber,,
Attenborough,25,52.904008,-1.217331,wet woodland,Robin,Erithacus rubecula,779,100,green,,
Attenborough,25,52.904008,-1.217331,wet woodland,Woodpigeon,Columba palumbus,444,100,amber,,
Attenborough,25,52.904008,-1.217331,wet woodland,Canada Goose,Branta canadensis,443,100,introduced,,
Attenborough,25,52.904008,-1.217331,wet woodland,Blackcap,Sylvia atricapilla,340,100,green,,
Attenborough,25,52.904008,-1.217331,wet woodland,Greylag Goose,Anser anser,170,100,amber,,
Attenborough,25,52.904008,-1.217331,wet woodland,Common Tern,Sterna hirundo,105,100,amber,,
Attenborough,25,52.904008,-1.217331,wet woodland,Blackbird,Turdus merula,82,100,green,,
Attenborough,25,52.904008,-1.217331,wet woodland,Carrion Crow,Corvus corone,67,87.5,green,,
Attenborough,25,52.904008,-1.217331,wet woodland,Long-tailed Tit,Aegithalos caudatus,64,75,green,,
Attenborough,25,52.904008,-1.217331,wet woodland,Treecreeper,Certhia familiaris,63,100,green,,
Attenborough,25,52.904008,-1.217331,wet woodland,Stock Dove,Columba oenas,49,100,amber,,
Attenborough,25,52.904008,-1.217331,wet woodland,Black-headed Gull,Chroicocephalus ridibundus,45,87.5,amber,,
Attenborough,25,52.904008,-1.217331,wet woodland,Mallard,Anas platyrhynchos,44,87.5,amber,,
Attenborough,25,52.904008,-1.217331,wet woodland,Blue Tit,Cyanistes caeruleus,30,75,green,,
Attenborough,25,52.904008,-1.217331,wet woodland,Rook,Corvus frugilegus,25,62.5,amber,,
Attenborough,25,52.904008,-1.217331,wet woodland,Great Spotted Woodpecker,Dendrocopos major,23,12.5,green,,
Attenborough,25,52.904008,-1.217331,wet woodland,Great Tit,Parus major,17,75,green,,
Attenborough,25,52.904008,-1.217331,wet woodland,Coot,Fulica atra,14,50,green,,
Attenborough,25,52.904008,-1.217331,wet woodland,Goldcrest,Regulus regulus,13,62.5,green,,
Attenborough,25,52.904008,-1.217331,wet woodland,Grey Heron,Ardea cinerea,12,100,green,,
Attenborough,25,52.904008,-1.217331,wet woodland,Jackdaw,Corvus monedula,11,75,green,,
Attenborough,25,52.904008,-1.217331,wet woodland,Pheasant,Phasianus colchicus,8,37.5,introduced,,
Attenborough,25,52.904008,-1.217331,wet woodland,Magpie,Pica pica,8,37.5,green,,
Attenborough,25,52.904008,-1.217331,wet woodland,Cettis Warbler,Cettia cetti,8,50,green,,
Attenborough,25,52.904008,-1.217331,wet woodland,Dunnock,Prunella modularis,7,50,amber,,
Attenborough,25,52.904008,-1.217331,wet woodland,Oystercatcher,Haematopus ostralegus,6,62.5,amber,,
Attenborough,25,52.904008,-1.217331,wet woodland,Egyptian Goose,Alopochen aegyptiaca,6,62.5,introduced,,
Attenborough,25,52.904008,-1.217331,wet woodland,Cuckoo,Cuculus canorus,5,37.5,red,,
Attenborough,25,52.904008,-1.217331,wet woodland,Swift,Apus apus,1,12.5,red,,
Attenborough,26,52.908242,-1.214977,reedbed,Reed Bunting,Emberiza schoeniclus,668,100,amber,,
Attenborough,26,52.908242,-1.214977,reedbed,Woodpigeon,Columba palumbus,582,100,amber,,
Attenborough,26,52.908242,-1.214977,reedbed,Wren,Troglodytes troglodytes,515,100,amber,,
Attenborough,26,52.908242,-1.214977,reedbed,Cuckoo,Cuculus canorus,372,100,red,,
Attenborough,26,52.908242,-1.214977,reedbed,Blackcap,Sylvia atricapilla,306,100,green,,
Attenborough,26,52.908242,-1.214977,reedbed,Canada Goose,Branta canadensis,215,100,introduced,,
Attenborough,26,52.908242,-1.214977,reedbed,Chiffchaff,Phylloscopus collybita,212,100,green,,
Attenborough,26,52.908242,-1.214977,reedbed,Magpie,Pica pica,125,100,green,,
Attenborough,26,52.908242,-1.214977,reedbed,Reed Warbler,Acrocephalus scirpaceus,79,100,green,,
Attenborough,26,52.908242,-1.214977,reedbed,Dunnock,Prunella modularis,78,100,amber,,
Attenborough,26,52.908242,-1.214977,reedbed,Greylag Goose,Anser anser,70,100,amber,,
Attenborough,26,52.908242,-1.214977,reedbed,Cettis Warbler,Cettia cetti,55,100,green,,
Attenborough,26,52.908242,-1.214977,reedbed,Moorhen,Gallinula chloropus,52,100,amber,,
Attenborough,26,52.908242,-1.214977,reedbed,Carrion Crow,Corvus corone,51,100,green,,
Attenborough,26,52.908242,-1.214977,reedbed,Blue Tit,Cyanistes caeruleus,44,62.5,green,,
Attenborough,26,52.908242,-1.214977,reedbed,Robin,Erithacus rubecula,34,62.5,green,,
Attenborough,26,52.908242,-1.214977,reedbed,Common Tern,Sterna hirundo,31,50,amber,,
Attenborough,26,52.908242,-1.214977,reedbed,Treecreeper,Certhia familiaris,23,75,green,,
Attenborough,26,52.908242,-1.214977,reedbed,Long-tailed Tit,Aegithalos caudatus,21,75,green,,
Attenborough,26,52.908242,-1.214977,reedbed,Jackdaw,Corvus monedula,17,75,green,,
Attenborough,26,52.908242,-1.214977,reedbed,Song Thrush,Turdus philomelos,15,50,amber,,
Attenborough,26,52.908242,-1.214977,reedbed,Blackbird,Turdus merula,15,87.5,green,,
Attenborough,26,52.908242,-1.214977,reedbed,Pheasant,Phasianus colchicus,13,50,introduced,,
Attenborough,26,52.908242,-1.214977,reedbed,Mallard,Anas platyrhynchos,11,50,amber,,
Attenborough,26,52.908242,-1.214977,reedbed,Black-headed Gull,Chroicocephalus ridibundus,10,50,amber,,
Attenborough,26,52.908242,-1.214977,reedbed,Oystercatcher,Haematopus ostralegus,9,62.5,amber,,
Attenborough,26,52.908242,-1.214977,reedbed,Greenfinch,Chloris chloris,8,50,red,,
Attenborough,26,52.908242,-1.214977,reedbed,Coot,Fulica atra,7,37.5,green,,
Attenborough,26,52.908242,-1.214977,reedbed,Great Tit,Parus major,7,37.5,green,,
Attenborough,26,52.908242,-1.214977,reedbed,Egyptian Goose,Alopochen aegyptiaca,5,25,introduced,,
Attenborough,26,52.908242,-1.214977,reedbed,Goldfinch,Carduelis carduelis,4,25,green,,
Attenborough,26,52.908242,-1.214977,reedbed,Green Woodpecker,Picus viridis,3,37.5,green,,
Attenborough,27,52.91033,-1.21932,wet woodland,Song Thrush,Turdus philomelos,287,100,amber,,
Attenborough,27,52.91033,-1.21932,wet woodland,Treecreeper,Certhia familiaris,272,100,green,,
Attenborough,27,52.91033,-1.21932,wet woodland,Blackbird,Turdus merula,252,100,green,,
Attenborough,27,52.91033,-1.21932,wet woodland,Carrion Crow,Corvus corone,245,100,green,,
Attenborough,27,52.91033,-1.21932,wet woodland,Stock Dove,Columba oenas,230,100,amber,,
Attenborough,27,52.91033,-1.21932,wet woodland,Woodpigeon,Columba palumbus,230,100,amber,,
Attenborough,27,52.91033,-1.21932,wet woodland,Wren,Troglodytes troglodytes,229,100,amber,,
Attenborough,27,52.91033,-1.21932,wet woodland,Blackcap,Sylvia atricapilla,224,100,green,,
Attenborough,27,52.91033,-1.21932,wet woodland,Robin,Erithacus rubecula,218,100,green,,
Attenborough,27,52.91033,-1.21932,wet woodland,Tawny Owl,Strix aluco,162,62.5,amber,,
Attenborough,27,52.91033,-1.21932,wet woodland,Cuckoo,Cuculus canorus,153,100,red,,
Attenborough,27,52.91033,-1.21932,wet woodland,Magpie,Pica pica,104,87.5,green,,
Attenborough,27,52.91033,-1.21932,wet woodland,Spotted Flycatcher,Muscicapa striata,89,100,red,,
Attenborough,27,52.91033,-1.21932,wet woodland,Great Spotted Woodpecker,Dendrocopos major,69,62.5,green,,
Attenborough,27,52.91033,-1.21932,wet woodland,Goldcrest,Regulus regulus,66,75,green,,
Attenborough,27,52.91033,-1.21932,wet woodland,Chiffchaff,Phylloscopus collybita,53,75,green,,
Attenborough,27,52.91033,-1.21932,wet woodland,Pheasant,Phasianus colchicus,41,87.5,introduced,,
Attenborough,27,52.91033,-1.21932,wet woodland,Dunnock,Prunella modularis,17,75,amber,,
Attenborough,27,52.91033,-1.21932,wet woodland,Willow Warbler,Phylloscopus trochilus,9,62.5,amber,,
Attenborough,27,52.91033,-1.21932,wet woodland,Canada Goose,Branta canadensis,7,25,introduced,,
Attenborough,27,52.91033,-1.21932,wet woodland,Great Tit,Parus major,6,25,green,,
Attenborough,27,52.91033,-1.21932,wet woodland,Grey Heron,Ardea cinerea,4,25,green,,
Attenborough,27,52.91033,-1.21932,wet woodland,Blue Tit,Cyanistes caeruleus,4,12.5,green,,
Attenborough,27,52.91033,-1.21932,wet woodland,Jay,Garrulus glandarius,3,37.5,green,,
Attenborough,27,52.91033,-1.21932,wet woodland,Black-headed Gull,Chroicocephalus ridibundus,3,12.5,amber,,
Attenborough,28,52.90973,-1.21785,wet woodland,Wren,Troglodytes troglodytes,1376,100,amber,,
Attenborough,28,52.90973,-1.21785,wet woodland,Carrion Crow,Corvus corone,746,100,green,,
Attenborough,28,52.90973,-1.21785,wet woodland,Blackcap,Sylvia atricapilla,586,100,green,,
Attenborough,28,52.90973,-1.21785,wet woodland,Blackbird,Turdus merula,445,100,green,,
Attenborough,28,52.90973,-1.21785,wet woodland,Woodpigeon,Columba palumbus,407,100,amber,,
Attenborough,28,52.90973,-1.21785,wet woodland,Stock Dove,Columba oenas,366,100,amber,,
Attenborough,28,52.90973,-1.21785,wet woodland,Treecreeper,Certhia familiaris,276,100,green,,
Attenborough,28,52.90973,-1.21785,wet woodland,Woodcock,Scolopax rusticola,168,100,red,,
Attenborough,28,52.90973,-1.21785,wet woodland,Song Thrush,Turdus philomelos,146,100,amber,,
Attenborough,28,52.90973,-1.21785,wet woodland,Cuckoo,Cuculus canorus,134,87.5,red,,
Attenborough,28,52.90973,-1.21785,wet woodland,Great Spotted Woodpecker,Dendrocopos major,87,75,green,,
Attenborough,28,52.90973,-1.21785,wet woodland,Robin,Erithacus rubecula,76,100,green,,
Attenborough,28,52.90973,-1.21785,wet woodland,Magpie,Pica pica,65,75,green,,
Attenborough,28,52.90973,-1.21785,wet woodland,Canada Goose,Branta canadensis,61,87.5,introduced,,
Attenborough,28,52.90973,-1.21785,wet woodland,Chiffchaff,Phylloscopus collybita,31,62.5,green,,
Attenborough,28,52.90973,-1.21785,wet woodland,Jackdaw,Corvus monedula,30,87.5,green,,
Attenborough,28,52.90973,-1.21785,wet woodland,Goldcrest,Regulus regulus,26,62.5,green,,
Attenborough,28,52.90973,-1.21785,wet woodland,Tawny Owl,Strix aluco,20,75,amber,,
Attenborough,28,52.90973,-1.21785,wet woodland,Chaffinch,Fringilla coelebs,17,37.5,green,,
Attenborough,28,52.90973,-1.21785,wet woodland,Dunnock,Prunella modularis,11,50,amber,,
Attenborough,28,52.90973,-1.21785,wet woodland,Grey Heron,Ardea cinerea,11,75,green,,
Attenborough,28,52.90973,-1.21785,wet woodland,Pheasant,Phasianus colchicus,10,50,introduced,,
Attenborough,28,52.90973,-1.21785,wet woodland,Blue Tit,Cyanistes caeruleus,9,50,green,,
Attenborough,28,52.90973,-1.21785,wet woodland,Coot,Fulica atra,6,25,green,,
Attenborough,28,52.90973,-1.21785,wet woodland,Buzzard,Buteo buteo,4,37.5,green,,
Attenborough,28,52.90973,-1.21785,wet woodland,Swift,Apus apus,3,25,red,,
Attenborough,28,52.90973,-1.21785,wet woodland,Black-headed Gull,Chroicocephalus ridibundus,3,25,amber,,
Attenborough,29,52.91205,-1.21774,reedbed,Wren,Troglodytes troglodytes,1009,100,amber,,
Attenborough,29,52.91205,-1.21774,reedbed,Treecreeper,Certhia familiaris,642,100,green,,
Attenborough,29,52.91205,-1.21774,reedbed,Carrion Crow,Corvus corone,375,100,green,,
Attenborough,29,52.91205,-1.21774,reedbed,Woodpigeon,Columba palumbus,305,100,amber,,
Attenborough,29,52.91205,-1.21774,reedbed,Blackcap,Sylvia atricapilla,230,100,green,,
Attenborough,29,52.91205,-1.21774,reedbed,Song Thrush,Turdus philomelos,209,100,amber,,
Attenborough,29,52.91205,-1.21774,reedbed,Stock Dove,Columba oenas,208,100,amber,,
Attenborough,29,52.91205,-1.21774,reedbed,Tawny Owl,Strix aluco,199,75,amber,,
Attenborough,29,52.91205,-1.21774,reedbed,Reed Warbler,Acrocephalus scirpaceus,189,87.5,green,,
Attenborough,29,52.91205,-1.21774,reedbed,Spotted Flycatcher,Muscicapa striata,165,100,red,,
Attenborough,29,52.91205,-1.21774,reedbed,Blackbird,Turdus merula,131,100,green,,
Attenborough,29,52.91205,-1.21774,reedbed,Cuckoo,Cuculus canorus,114,100,red,,
Attenborough,29,52.91205,-1.21774,reedbed,Robin,Erithacus rubecula,75,100,green,,
Attenborough,29,52.91205,-1.21774,reedbed,Long-tailed Tit,Aegithalos caudatus,55,62.5,green,,
Attenborough,29,52.91205,-1.21774,reedbed,Great Spotted Woodpecker,Dendrocopos major,46,87.5,green,,
Attenborough,29,52.91205,-1.21774,reedbed,Buzzard,Buteo buteo,32,62.5,green,,
Attenborough,29,52.91205,-1.21774,reedbed,Black-headed Gull,Chroicocephalus ridibundus,28,62.5,amber,,
Attenborough,29,52.91205,-1.21774,reedbed,Magpie,Pica pica,22,37.5,green,,
Attenborough,29,52.91205,-1.21774,reedbed,Moorhen,Gallinula chloropus,19,87.5,amber,,
Attenborough,29,52.91205,-1.21774,reedbed,Canada Goose,Branta canadensis,19,87.5,introduced,,
Attenborough,29,52.91205,-1.21774,reedbed,Jackdaw,Corvus monedula,11,62.5,green,,
Attenborough,29,52.91205,-1.21774,reedbed,Chiffchaff,Phylloscopus collybita,11,37.5,green,,
Attenborough,29,52.91205,-1.21774,reedbed,Dunnock,Prunella modularis,5,37.5,amber,,
Attenborough,30,52.91088,-1.21859,reedbed,Canada Goose,Branta canadensis,1300,100,introduced,,
Attenborough,30,52.91088,-1.21859,reedbed,Goldfinch,Carduelis carduelis,361,87.5,green,,
Attenborough,30,52.91088,-1.21859,reedbed,Wren,Troglodytes troglodytes,261,100,amber,,
Attenborough,30,52.91088,-1.21859,reedbed,Blue Tit,Cyanistes caeruleus,132,87.5,green,,
Attenborough,30,52.91088,-1.21859,reedbed,Long-tailed Tit,Aegithalos caudatus,128,87.5,green,,
Attenborough,30,52.91088,-1.21859,reedbed,Common Tern,Sterna hirundo,113,100,amber,,
Attenborough,30,52.91088,-1.21859,reedbed,Greylag Goose,Anser anser,111,87.5,amber,,
Attenborough,30,52.91088,-1.21859,reedbed,Magpie,Pica pica,102,87.5,green,,
Attenborough,30,52.91088,-1.21859,reedbed,Oystercatcher,Haematopus ostralegus,94,100,amber,,
Attenborough,30,52.91088,-1.21859,reedbed,House Martin,Delichon urbicum,90,87.5,red,,
Attenborough,30,52.91088,-1.21859,reedbed,Blackcap,Sylvia atricapilla,90,87.5,green,,
Attenborough,30,52.91088,-1.21859,reedbed,Reed Warbler,Acrocephalus scirpaceus,86,87.5,green,,
Attenborough,30,52.91088,-1.21859,reedbed,Sand Martin,Riparia riparia,64,100,green,,
Attenborough,30,52.91088,-1.21859,reedbed,Carrion Crow,Corvus corone,52,75,green,,
Attenborough,30,52.91088,-1.21859,reedbed,Black-headed Gull,Chroicocephalus ridibundus,43,87.5,amber,,
Attenborough,30,52.91088,-1.21859,reedbed,Mallard,Anas platyrhynchos,41,100,amber,,
Attenborough,30,52.91088,-1.21859,reedbed,Greenfinch,Chloris chloris,30,37.5,red,,
Attenborough,30,52.91088,-1.21859,reedbed,Sedge Warbler,Acrocephalus schoenobaenus,25,50,amber,,
Attenborough,30,52.91088,-1.21859,reedbed,Great Spotted Woodpecker,Dendrocopos major,25,50,green,,
Attenborough,30,52.91088,-1.21859,reedbed,Cettis Warbler,Cettia cetti,23,75,green,,
Attenborough,30,52.91088,-1.21859,reedbed,Blackbird,Turdus merula,22,62.5,green,,
Attenborough,30,52.91088,-1.21859,reedbed,Jackdaw,Corvus monedula,16,87.5,green,,
Attenborough,30,52.91088,-1.21859,reedbed,Egyptian Goose,Alopochen aegyptiaca,10,50,introduced,,
Attenborough,30,52.91088,-1.21859,reedbed,Chiffchaff,Phylloscopus collybita,9,50,green,,
Attenborough,30,52.91088,-1.21859,reedbed,Robin,Erithacus rubecula,9,50,green,,
Attenborough,30,52.91088,-1.21859,reedbed,Woodpigeon,Columba palumbus,8,37.5,amber,,
Attenborough,30,52.91088,-1.21859,reedbed,Great Tit,Parus major,7,50,green,,
Attenborough,30,52.91088,-1.21859,reedbed,Mute Swan,Cygnus olor,3,37.5,green,,
Attenborough,30,52.91088,-1.21859,reedbed,Coot,Fulica atra,3,25,green,,
Attenborough,30,52.91088,-1.21859,reedbed,Moorhen,Gallinula chloropus,2,12.5,amber,,
Attenborough,32,52.910867,-1.21381,reedbed,Woodpigeon,Columba palumbus,938,100,amber,,
Attenborough,32,52.910867,-1.21381,reedbed,Wren,Troglodytes troglodytes,563,87.5,amber,,
Attenborough,32,52.910867,-1.21381,reedbed,Blackcap,Sylvia atricapilla,526,100,green,,
Attenborough,32,52.910867,-1.21381,reedbed,Magpie,Pica pica,378,87.5,green,,
Attenborough,32,52.910867,-1.21381,reedbed,Stock Dove,Columba oenas,261,100,amber,,
Attenborough,32,52.910867,-1.21381,reedbed,Jackdaw,Corvus monedula,207,100,green,,
Attenborough,32,52.910867,-1.21381,reedbed,Carrion Crow,Corvus corone,200,100,green,,
Attenborough,32,52.910867,-1.21381,reedbed,Dunnock,Prunella modularis,184,100,amber,,
Attenborough,32,52.910867,-1.21381,reedbed,Chaffinch,Fringilla coelebs,153,75,green,,
Attenborough,32,52.910867,-1.21381,reedbed,Robin,Erithacus rubecula,148,100,green,,
Attenborough,32,52.910867,-1.21381,reedbed,Long-tailed Tit,Aegithalos caudatus,117,100,green,,
Attenborough,32,52.910867,-1.21381,reedbed,Song Thrush,Turdus philomelos,105,75,amber,,
Attenborough,32,52.910867,-1.21381,reedbed,Cettis Warbler,Cettia cetti,100,87.5,green,,
Attenborough,32,52.910867,-1.21381,reedbed,Goldfinch,Carduelis carduelis,83,62.5,green,,
Attenborough,32,52.910867,-1.21381,reedbed,Blackbird,Turdus merula,73,87.5,green,,
Attenborough,32,52.910867,-1.21381,reedbed,Cuckoo,Cuculus canorus,53,62.5,red,,
Attenborough,32,52.910867,-1.21381,reedbed,Blue Tit,Cyanistes caeruleus,48,100,green,,
Attenborough,32,52.910867,-1.21381,reedbed,Chiffchaff,Phylloscopus collybita,48,87.5,green,,
Attenborough,32,52.910867,-1.21381,reedbed,Great Tit,Parus major,46,75,green,,
Attenborough,32,52.910867,-1.21381,reedbed,Woodcock,Scolopax rusticola,42,87.5,red,,
Attenborough,32,52.910867,-1.21381,reedbed,Treecreeper,Certhia familiaris,39,87.5,green,,
Attenborough,32,52.910867,-1.21381,reedbed,Mallard,Anas platyrhynchos,30,62.5,amber,,
Attenborough,32,52.910867,-1.21381,reedbed,Canada Goose,Branta canadensis,28,87.5,introduced,,
Attenborough,32,52.910867,-1.21381,reedbed,Pheasant,Phasianus colchicus,25,50,introduced,,
Attenborough,32,52.910867,-1.21381,reedbed,Black-headed Gull,Chroicocephalus ridibundus,17,50,amber,,
Attenborough,32,52.910867,-1.21381,reedbed,Greylag Goose,Anser anser,14,50,amber,,
Attenborough,32,52.910867,-1.21381,reedbed,Great Spotted Woodpecker,Dendrocopos major,14,50,green,,
Attenborough,32,52.910867,-1.21381,reedbed,Rook,Corvus frugilegus,14,87.5,amber,,
Attenborough,32,52.910867,-1.21381,reedbed,Grey Heron,Ardea cinerea,12,62.5,green,,
Attenborough,32,52.910867,-1.21381,reedbed,Tawny Owl,Strix aluco,9,50,amber,,
Attenborough,32,52.910867,-1.21381,reedbed,Greenfinch,Chloris chloris,7,37.5,red,,
Attenborough,32,52.910867,-1.21381,reedbed,Kingfisher,Alcedo atthis,6,50,green,,
Attenborough,32,52.910867,-1.21381,reedbed,Moorhen,Gallinula chloropus,4,37.5,amber,,
Attenborough,32,52.910867,-1.21381,reedbed,Coot,Fulica atra,3,12.5,green,,
Attenborough,32,52.910867,-1.21381,reedbed,Oystercatcher,Haematopus ostralegus,3,12.5,amber,,
Attenborough,33,52.91502,-1.21656,willow scrub,Black-headed Gull,Chroicocephalus ridibundus,991,100,amber,,
Attenborough,33,52.91502,-1.21656,willow scrub,Reed Warbler,Acrocephalus scirpaceus,450,100,green,,
Attenborough,33,52.91502,-1.21656,willow scrub,Mallard,Anas platyrhynchos,284,100,amber,,
Attenborough,33,52.91502,-1.21656,willow scrub,Coot,Fulica atra,280,100,green,,
Attenborough,33,52.91502,-1.21656,willow scrub,Goldfinch,Carduelis carduelis,256,87.5,green,,
Attenborough,33,52.91502,-1.21656,willow scrub,Dunnock,Prunella modularis,233,100,amber,,
Attenborough,33,52.91502,-1.21656,willow scrub,Magpie,Pica pica,228,100,green,,
Attenborough,33,52.91502,-1.21656,willow scrub,Blackbird,Turdus merula,221,100,green,,
Attenborough,33,52.91502,-1.21656,willow scrub,Greenfinch,Chloris chloris,221,100,red,,
Attenborough,33,52.91502,-1.21656,willow scrub,Wren,Troglodytes troglodytes,91,87.5,amber,,
Attenborough,33,52.91502,-1.21656,willow scrub,Blue Tit,Cyanistes caeruleus,88,100,green,,
Attenborough,33,52.91502,-1.21656,willow scrub,Reed Bunting,Emberiza schoeniclus,87,100,amber,,
Attenborough,33,52.91502,-1.21656,willow scrub,Woodpigeon,Columba palumbus,49,75,amber,,
Attenborough,33,52.91502,-1.21656,willow scrub,Common Tern,Sterna hirundo,41,87.5,amber,,
Attenborough,33,52.91502,-1.21656,willow scrub,Cettis Warbler,Cettia cetti,39,62.5,green,,
Attenborough,33,52.91502,-1.21656,willow scrub,Moorhen,Gallinula chloropus,38,87.5,amber,,
Attenborough,33,52.91502,-1.21656,willow scrub,Jackdaw,Corvus monedula,30,75,green,,
Attenborough,33,52.91502,-1.21656,willow scrub,Carrion Crow,Corvus corone,28,87.5,green,,
Attenborough,33,52.91502,-1.21656,willow scrub,Great Tit,Parus major,26,50,green,,
Attenborough,33,52.91502,-1.21656,willow scrub,Whitethroat,Curruca communis,25,25,amber,,
Attenborough,33,52.91502,-1.21656,willow scrub,Canada Goose,Branta canadensis,16,50,introduced,,
Attenborough,33,52.91502,-1.21656,willow scrub,Grey Heron,Ardea cinerea,14,62.5,green,,
Attenborough,33,52.91502,-1.21656,willow scrub,Blackcap,Sylvia atricapilla,13,50,green,,
Attenborough,33,52.91502,-1.21656,willow scrub,Swift,Apus apus,11,12.5,red,,
Attenborough,33,52.91502,-1.21656,willow scrub,Long-tailed Tit,Aegithalos caudatus,10,75,green,,
Attenborough,33,52.91502,-1.21656,willow scrub,Robin,Erithacus rubecula,9,50,green,,
Attenborough,33,52.91502,-1.21656,willow scrub,Gadwall,Mareca strepera,8,37.5,amber,,
Attenborough,33,52.91502,-1.21656,willow scrub,Mute Swan,Cygnus olor,7,50,green,,
Attenborough,33,52.91502,-1.21656,willow scrub,Oystercatcher,Haematopus ostralegus,7,25,amber,,
Attenborough,33,52.91502,-1.21656,willow scrub,Tawny Owl,Strix aluco,5,25,amber,,
Attenborough,33,52.91502,-1.21656,willow scrub,Greylag Goose,Anser anser,4,12.5,amber,,
Attenborough,33,52.91502,-1.21656,willow scrub,Great Spotted Woodpecker,Dendrocopos major,4,12.5,green,,
Attenborough,33,52.91502,-1.21656,willow scrub,Buzzard,Buteo buteo,3,25,green,,
Attenborough,35,52.91667,-1.21381,bramble scrub,Greenfinch,Chloris chloris,792,100,red,,
Attenborough,35,52.91667,-1.21381,bramble scrub,Wren,Troglodytes troglodytes,526,87.5,amber,,
Attenborough,35,52.91667,-1.21381,bramble scrub,Goldfinch,Carduelis carduelis,459,87.5,green,,
Attenborough,35,52.91667,-1.21381,bramble scrub,Magpie,Pica pica,291,87.5,green,,
Attenborough,35,52.91667,-1.21381,bramble scrub,Blackbird,Turdus merula,288,100,green,,
Attenborough,35,52.91667,-1.21381,bramble scrub,Black-headed Gull,Chroicocephalus ridibundus,164,100,amber,,
Attenborough,35,52.91667,-1.21381,bramble scrub,Blackcap,Sylvia atricapilla,103,87.5,green,,
Attenborough,35,52.91667,-1.21381,bramble scrub,Woodpigeon,Columba palumbus,97,87.5,amber,,
Attenborough,35,52.91667,-1.21381,bramble scrub,Long-tailed Tit,Aegithalos caudatus,83,75,green,,
Attenborough,35,52.91667,-1.21381,bramble scrub,Dunnock,Prunella modularis,70,87.5,amber,,
Attenborough,35,52.91667,-1.21381,bramble scrub,Chiffchaff,Phylloscopus collybita,65,75,green,,
Attenborough,35,52.91667,-1.21381,bramble scrub,Whitethroat,Curruca communis,57,37.5,amber,,
Attenborough,35,52.91667,-1.21381,bramble scrub,Treecreeper,Certhia familiaris,53,87.5,green,,
Attenborough,35,52.91667,-1.21381,bramble scrub,Robin,Erithacus rubecula,46,75,green,,
Attenborough,35,52.91667,-1.21381,bramble scrub,Cettis Warbler,Cettia cetti,44,87.5,green,,
Attenborough,35,52.91667,-1.21381,bramble scrub,Reed Warbler,Acrocephalus scirpaceus,34,62.5,green,,
Attenborough,35,52.91667,-1.21381,bramble scrub,Blue Tit,Cyanistes caeruleus,25,75,green,,
Attenborough,35,52.91667,-1.21381,bramble scrub,Swift,Apus apus,21,62.5,red,,
Attenborough,35,52.91667,-1.21381,bramble scrub,Carrion Crow,Corvus corone,19,62.5,green,,
Attenborough,35,52.91667,-1.21381,bramble scrub,Garden Warbler,Sylvia borin,18,50,green,,
Attenborough,35,52.91667,-1.21381,bramble scrub,Mallard,Anas platyrhynchos,17,87.5,amber,,
Attenborough,35,52.91667,-1.21381,bramble scrub,Canada Goose,Branta canadensis,17,62.5,introduced,,
Attenborough,35,52.91667,-1.21381,bramble scrub,Song Thrush,Turdus philomelos,17,62.5,amber,,
Attenborough,35,52.91667,-1.21381,bramble scrub,Great Tit,Parus major,16,25,green,,
Attenborough,35,52.91667,-1.21381,bramble scrub,Jackdaw,Corvus monedula,13,50,green,,
Attenborough,35,52.91667,-1.21381,bramble scrub,Coot,Fulica atra,9,37.5,green,,
Attenborough,35,52.91667,-1.21381,bramble scrub,Stock Dove,Columba oenas,9,50,amber,,
Attenborough,35,52.91667,-1.21381,bramble scrub,Green Woodpecker,Picus viridis,7,50,green,,
Attenborough,35,52.91667,-1.21381,bramble scrub,Grey Heron,Ardea cinerea,4,25,green,,
Attenborough,35,52.91667,-1.21381,bramble scrub,Greylag Goose,Anser anser,3,12.5,amber,,
Attenborough,35,52.91667,-1.21381,bramble scrub,Chaffinch,Fringilla coelebs,3,12.5,green,,
Attenborough,35,52.91667,-1.21381,bramble scrub,Moorhen,Gallinula chloropus,2,12.5,amber,,
Attenborough,36,52.91385,-1.21844,willow scrub,Blackbird,Turdus merula,660,100,green,,
Attenborough,36,52.91385,-1.21844,willow scrub,Woodpigeon,Columba palumbus,418,100,amber,,
Attenborough,36,52.91385,-1.21844,willow scrub,Blue Tit,Cyanistes caeruleus,373,100,green,,
Attenborough,36,52.91385,-1.21844,willow scrub,Blackcap,Sylvia atricapilla,345,87.5,green,,
Attenborough,36,52.91385,-1.21844,willow scrub,Wren,Troglodytes troglodytes,205,87.5,amber,,
Attenborough,36,52.91385,-1.21844,willow scrub,Chiffchaff,Phylloscopus collybita,168,87.5,green,,
Attenborough,36,52.91385,-1.21844,willow scrub,Magpie,Pica pica,128,87.5,green,,
Attenborough,36,52.91385,-1.21844,willow scrub,Robin,Erithacus rubecula,121,100,green,,
Attenborough,36,52.91385,-1.21844,willow scrub,Treecreeper,Certhia familiaris,86,87.5,green,,
Attenborough,36,52.91385,-1.21844,willow scrub,Carrion Crow,Corvus corone,74,87.5,green,,
Attenborough,36,52.91385,-1.21844,willow scrub,Greenfinch,Chloris chloris,70,87.5,red,,
Attenborough,36,52.91385,-1.21844,willow scrub,Stock Dove,Columba oenas,69,87.5,amber,,
Attenborough,36,52.91385,-1.21844,willow scrub,Tawny Owl,Strix aluco,47,50,amber,,
Attenborough,36,52.91385,-1.21844,willow scrub,Goldcrest,Regulus regulus,45,87.5,green,,
Attenborough,36,52.91385,-1.21844,willow scrub,Dunnock,Prunella modularis,44,87.5,amber,,
Attenborough,36,52.91385,-1.21844,willow scrub,Great Spotted Woodpecker,Dendrocopos major,40,50,green,,
Attenborough,36,52.91385,-1.21844,willow scrub,Goldfinch,Carduelis carduelis,38,75,green,,
Attenborough,36,52.91385,-1.21844,willow scrub,Jackdaw,Corvus monedula,37,50,green,,
Attenborough,36,52.91385,-1.21844,willow scrub,Song Thrush,Turdus philomelos,35,75,amber,,
Attenborough,36,52.91385,-1.21844,willow scrub,Cettis Warbler,Cettia cetti,33,87.5,green,,
Attenborough,36,52.91385,-1.21844,willow scrub,Great Tit,Parus major,31,75,green,,
Attenborough,36,52.91385,-1.21844,willow scrub,Spotted Flycatcher,Muscicapa striata,24,37.5,red,,
Attenborough,36,52.91385,-1.21844,willow scrub,Cuckoo,Cuculus canorus,14,50,red,,
Attenborough,36,52.91385,-1.21844,willow scrub,Black-headed Gull,Chroicocephalus ridibundus,12,62.5,amber,,
Attenborough,36,52.91385,-1.21844,willow scrub,Canada Goose,Branta canadensis,10,12.5,introduced,,
Attenborough,36,52.91385,-1.21844,willow scrub,House Sparrow,Passer domesticus,7,12.5,red,,
Attenborough,36,52.91385,-1.21844,willow scrub,Collared Dove,Streptopelia decaocto,7,50,green,,
Attenborough,36,52.91385,-1.21844,willow scrub,Moorhen,Gallinula chloropus,5,50,amber,,
Attenborough,36,52.91385,-1.21844,willow scrub,Chaffinch,Fringilla coelebs,5,37.5,green,,
Attenborough,36,52.91385,-1.21844,willow scrub,Swift,Apus apus,4,12.5,red,,
Attenborough,36,52.91385,-1.21844,willow scrub,Grey Heron,Ardea cinerea,4,50,green,,
Attenborough,36,52.91385,-1.21844,willow scrub,Coot,Fulica atra,4,25,green,,
Attenborough,37,52.909535,-1.225622,other neutral grassland,Robin,Erithacus rubecula,409,100,green,,
Attenborough,37,52.909535,-1.225622,other neutral grassland,Whitethroat,Curruca communis,227,87.5,amber,,
Attenborough,37,52.909535,-1.225622,other neutral grassland,Spotted Flycatcher,Muscicapa striata,190,62.5,red,,
Attenborough,37,52.909535,-1.225622,other neutral grassland,Woodpigeon,Columba palumbus,164,75,amber,,
Attenborough,37,52.909535,-1.225622,other neutral grassland,Dunnock,Prunella modularis,145,87.5,amber,,
Attenborough,37,52.909535,-1.225622,other neutral grassland,Blackbird,Turdus merula,121,100,green,,
Attenborough,37,52.909535,-1.225622,other neutral grassland,Song Thrush,Turdus philomelos,109,75,amber,,
Attenborough,37,52.909535,-1.225622,other neutral grassland,Hawfinch,Coccothraustes coccothraustes,89,50,red,,
Attenborough,37,52.909535,-1.225622,other neutral grassland,Carrion Crow,Corvus corone,84,100,green,,
Attenborough,37,52.909535,-1.225622,other neutral grassland,Magpie,Pica pica,78,87.5,green,,
Attenborough,37,52.909535,-1.225622,other neutral grassland,Goldfinch,Carduelis carduelis,76,87.5,green,,
Attenborough,37,52.909535,-1.225622,other neutral grassland,Chiffchaff,Phylloscopus collybita,60,87.5,green,,
Attenborough,37,52.909535,-1.225622,other neutral grassland,Willow Warbler,Phylloscopus trochilus,58,75,amber,,
Attenborough,37,52.909535,-1.225622,other neutral grassland,Cuckoo,Cuculus canorus,50,62.5,red,,
Attenborough,37,52.909535,-1.225622,other neutral grassland,Garden Warbler,Sylvia borin,45,50,green,,
Attenborough,37,52.909535,-1.225622,other neutral grassland,Canada Goose,Branta canadensis,40,75,introduced,,
Attenborough,37,52.909535,-1.225622,other neutral grassland,Blue Tit,Cyanistes caeruleus,35,62.5,green,,
Attenborough,37,52.909535,-1.225622,other neutral grassland,Stock Dove,Columba oenas,30,87.5,amber,,
Attenborough,37,52.909535,-1.225622,other neutral grassland,Wren,Troglodytes troglodytes,29,75,amber,,
Attenborough,37,52.909535,-1.225622,other neutral grassland,Coot,Fulica atra,23,50,green,,
Attenborough,37,52.909535,-1.225622,other neutral grassland,Reed Bunting,Emberiza schoeniclus,23,75,amber,,
Attenborough,37,52.909535,-1.225622,other neutral grassland,Kingfisher,Alcedo atthis,21,37.5,green,,
Attenborough,37,52.909535,-1.225622,other neutral grassland,Mallard,Anas platyrhynchos,21,100,amber,,
Attenborough,37,52.909535,-1.225622,other neutral grassland,Greenfinch,Chloris chloris,17,62.5,red,,
Attenborough,37,52.909535,-1.225622,other neutral grassland,Jackdaw,Corvus monedula,14,62.5,green,,
Attenborough,37,52.909535,-1.225622,other neutral grassland,Green Woodpecker,Picus viridis,13,37.5,green,,
Attenborough,37,52.909535,-1.225622,other neutral grassland,Moorhen,Gallinula chloropus,12,62.5,amber,,
Attenborough,37,52.909535,-1.225622,other neutral grassland,Great Spotted Woodpecker,Dendrocopos major,12,62.5,green,,
Attenborough,37,52.909535,-1.225622,other neutral grassland,Great Tit,Parus major,10,37.5,green,,
Attenborough,37,52.909535,-1.225622,other neutral grassland,Ring-necked Parakeet,Psittacula krameri,9,50,introduced,,
Attenborough,37,52.909535,-1.225622,other neutral grassland,Black-headed Gull,Chroicocephalus ridibundus,5,37.5,amber,,
Attenborough,37,52.909535,-1.225622,other neutral grassland,Long-tailed Tit,Aegithalos caudatus,4,25,green,,
Attenborough,38,52.911445,-1.222159,lowland mixed deciduous woodland,Wren,Troglodytes troglodytes,922,100,amber,,
Attenborough,38,52.911445,-1.222159,lowland mixed deciduous woodland,Woodpigeon,Columba palumbus,580,100,amber,,
Attenborough,38,52.911445,-1.222159,lowland mixed deciduous woodland,Magpie,Pica pica,453,87.5,green,,
Attenborough,38,52.911445,-1.222159,lowland mixed deciduous woodland,Robin,Erithacus rubecula,385,100,green,,
Attenborough,38,52.911445,-1.222159,lowland mixed deciduous woodland,Chiffchaff,Phylloscopus collybita,326,87.5,green,,
Attenborough,38,52.911445,-1.222159,lowland mixed deciduous woodland,Goldcrest,Regulus regulus,256,75,green,,
Attenborough,38,52.911445,-1.222159,lowland mixed deciduous woodland,Blackbird,Turdus merula,135,100,green,,
Attenborough,38,52.911445,-1.222159,lowland mixed deciduous woodland,Carrion Crow,Corvus corone,85,100,green,,
Attenborough,38,52.911445,-1.222159,lowland mixed deciduous woodland,Greenfinch,Chloris chloris,50,75,red,,
Attenborough,38,52.911445,-1.222159,lowland mixed deciduous woodland,Blue Tit,Cyanistes caeruleus,45,100,green,,
Attenborough,38,52.911445,-1.222159,lowland mixed deciduous woodland,Treecreeper,Certhia familiaris,38,87.5,green,,
Attenborough,38,52.911445,-1.222159,lowland mixed deciduous woodland,Tawny Owl,Strix aluco,36,37.5,amber,,
Attenborough,38,52.911445,-1.222159,lowland mixed deciduous woodland,Cuckoo,Cuculus canorus,28,62.5,red,,
Attenborough,38,52.911445,-1.222159,lowland mixed deciduous woodland,Great Tit,Parus major,23,75,green,,
Attenborough,38,52.911445,-1.222159,lowland mixed deciduous woodland,Dunnock,Prunella modularis,18,87.5,amber,,
Attenborough,38,52.911445,-1.222159,lowland mixed deciduous woodland,Goldfinch,Carduelis carduelis,15,25,green,,
Attenborough,38,52.911445,-1.222159,lowland mixed deciduous woodland,Blackcap,Sylvia atricapilla,14,62.5,green,,
Attenborough,38,52.911445,-1.222159,lowland mixed deciduous woodland,House Sparrow,Passer domesticus,11,37.5,red,,
Attenborough,38,52.911445,-1.222159,lowland mixed deciduous woodland,Green Woodpecker,Picus viridis,10,62.5,green,,
Attenborough,38,52.911445,-1.222159,lowland mixed deciduous woodland,Ring-necked Parakeet,Psittacula krameri,10,50,introduced,,
Attenborough,38,52.911445,-1.222159,lowland mixed deciduous woodland,Jackdaw,Corvus monedula,7,50,green,,
Attenborough,38,52.911445,-1.222159,lowland mixed deciduous woodland,Grey Heron,Ardea cinerea,4,50,green,,
Attenborough,38,52.911445,-1.222159,lowland mixed deciduous woodland,Canada Goose,Branta canadensis,3,25,introduced,,
Attenborough,38,52.911445,-1.222159,lowland mixed deciduous woodland,Black-headed Gull,Chroicocephalus ridibundus,2,12.5,amber,,
Attenborough,38,52.911445,-1.222159,lowland mixed deciduous woodland,Pheasant,Phasianus colchicus,1,12.5,introduced,,
Attenborough,38,52.911445,-1.222159,lowland mixed deciduous woodland,Song Thrush,Turdus philomelos,1,12.5,amber,,
Attenborough,39,52.910788,-1.222839,other neutral grassland,Chiffchaff,Phylloscopus collybita,2653,100,green,,
Attenborough,39,52.910788,-1.222839,other neutral grassland,Tawny Owl,Strix aluco,593,87.5,amber,,
Attenborough,39,52.910788,-1.222839,other neutral grassland,Blackbird,Turdus merula,530,100,green,,
Attenborough,39,52.910788,-1.222839,other neutral grassland,Robin,Erithacus rubecula,346,100,green,,
Attenborough,39,52.910788,-1.222839,other neutral grassland,Woodpigeon,Columba palumbus,314,87.5,amber,,
Attenborough,39,52.910788,-1.222839,other neutral grassland,Magpie,Pica pica,279,87.5,green,,
Attenborough,39,52.910788,-1.222839,other neutral grassland,Greenfinch,Chloris chloris,277,87.5,red,,
Attenborough,39,52.910788,-1.222839,other neutral grassland,Wren,Troglodytes troglodytes,213,87.5,amber,,
Attenborough,39,52.910788,-1.222839,other neutral grassland,Willow Warbler,Phylloscopus trochilus,168,100,amber,,
Attenborough,39,52.910788,-1.222839,other neutral grassland,Dunnock,Prunella modularis,119,87.5,amber,,
Attenborough,39,52.910788,-1.222839,other neutral grassland,Song Thrush,Turdus philomelos,77,87.5,amber,,
Attenborough,39,52.910788,-1.222839,other neutral grassland,Blue Tit,Cyanistes caeruleus,75,87.5,green,,
Attenborough,39,52.910788,-1.222839,other neutral grassland,Goldcrest,Regulus regulus,38,75,green,,
Attenborough,39,52.910788,-1.222839,other neutral grassland,Carrion Crow,Corvus corone,31,87.5,green,,
Attenborough,39,52.910788,-1.222839,other neutral grassland,Cuckoo,Cuculus canorus,29,37.5,red,,
Attenborough,39,52.910788,-1.222839,other neutral grassland,Goldfinch,Carduelis carduelis,21,75,green,,
Attenborough,39,52.910788,-1.222839,other neutral grassland,Ring-necked Parakeet,Psittacula krameri,14,50,introduced,,
Attenborough,39,52.910788,-1.222839,other neutral grassland,House Sparrow,Passer domesticus,13,50,red,,
Attenborough,39,52.910788,-1.222839,other neutral grassland,Green Woodpecker,Picus viridis,11,50,green,,
Attenborough,39,52.910788,-1.222839,other neutral grassland,Pheasant,Phasianus colchicus,10,25,introduced,,
Attenborough,39,52.910788,-1.222839,other neutral grassland,Jackdaw,Corvus monedula,10,37.5,green,,
Attenborough,39,52.910788,-1.222839,other neutral grassland,Buzzard,Buteo buteo,9,37.5,green,,
Attenborough,39,52.910788,-1.222839,other neutral grassland,Canada Goose,Branta canadensis,7,25,introduced,,
Attenborough,39,52.910788,-1.222839,other neutral grassland,Blackcap,Sylvia atricapilla,7,62.5,green,,
Attenborough,39,52.910788,-1.222839,other neutral grassland,Mallard,Anas platyrhynchos,5,50,amber,,
Attenborough,39,52.910788,-1.222839,other neutral grassland,Long-tailed Tit,Aegithalos caudatus,4,50,green,,
Attenborough,39,52.910788,-1.222839,other neutral grassland,Black-headed Gull,Chroicocephalus ridibundus,4,12.5,amber,,
Attenborough,40,52.909295,-1.221356,lowland mixed deciduous woodland,Garden Warbler,Sylvia borin,1503,87.5,green,,
Attenborough,40,52.909295,-1.221356,lowland mixed deciduous woodland,Willow Warbler,Phylloscopus trochilus,686,87.5,amber,,
Attenborough,40,52.909295,-1.221356,lowland mixed deciduous woodland,Blackcap,Sylvia atricapilla,638,87.5,green,,
Attenborough,40,52.909295,-1.221356,lowland mixed deciduous woodland,Robin,Erithacus rubecula,513,100,green,,
Attenborough,40,52.909295,-1.221356,lowland mixed deciduous woodland,Blackbird,Turdus merula,209,100,green,,
Attenborough,40,52.909295,-1.221356,lowland mixed deciduous woodland,Woodpigeon,Columba palumbus,132,87.5,amber,,
Attenborough,40,52.909295,-1.221356,lowland mixed deciduous woodland,Song Thrush,Turdus philomelos,120,75,amber,,
Attenborough,40,52.909295,-1.221356,lowland mixed deciduous woodland,Cuckoo,Cuculus canorus,119,75,red,,
Attenborough,40,52.909295,-1.221356,lowland mixed deciduous woodland,Chiffchaff,Phylloscopus collybita,83,87.5,green,,
Attenborough,40,52.909295,-1.221356,lowland mixed deciduous woodland,Wren,Troglodytes troglodytes,70,87.5,amber,,
Attenborough,40,52.909295,-1.221356,lowland mixed deciduous woodland,Carrion Crow,Corvus corone,69,87.5,green,,
Attenborough,40,52.909295,-1.221356,lowland mixed deciduous woodland,Green Woodpecker,Picus viridis,65,62.5,green,,
Attenborough,40,52.909295,-1.221356,lowland mixed deciduous woodland,Treecreeper,Certhia familiaris,54,87.5,green,,
Attenborough,40,52.909295,-1.221356,lowland mixed deciduous woodland,Tawny Owl,Strix aluco,45,75,amber,,
Attenborough,40,52.909295,-1.221356,lowland mixed deciduous woodland,Reed Bunting,Emberiza schoeniclus,43,62.5,amber,,
Attenborough,40,52.909295,-1.221356,lowland mixed deciduous woodland,Stock Dove,Columba oenas,41,75,amber,,
Attenborough,40,52.909295,-1.221356,lowland mixed deciduous woodland,Blue Tit,Cyanistes caeruleus,37,87.5,green,,
Attenborough,40,52.909295,-1.221356,lowland mixed deciduous woodland,Magpie,Pica pica,36,75,green,,
Attenborough,40,52.909295,-1.221356,lowland mixed deciduous woodland,Long-tailed Tit,Aegithalos caudatus,33,75,green,,
Attenborough,40,52.909295,-1.221356,lowland mixed deciduous woodland,Dunnock,Prunella modularis,20,62.5,amber,,
Attenborough,40,52.909295,-1.221356,lowland mixed deciduous woodland,Jackdaw,Corvus monedula,17,75,green,,
Attenborough,40,52.909295,-1.221356,lowland mixed deciduous woodland,Great Tit,Parus major,17,62.5,green,,
Attenborough,40,52.909295,-1.221356,lowland mixed deciduous woodland,Goldfinch,Carduelis carduelis,14,50,green,,
Attenborough,40,52.909295,-1.221356,lowland mixed deciduous woodland,Ring-necked Parakeet,Psittacula krameri,13,50,introduced,,
Attenborough,40,52.909295,-1.221356,lowland mixed deciduous woodland,Great Spotted Woodpecker,Dendrocopos major,11,62.5,green,,
Attenborough,40,52.909295,-1.221356,lowland mixed deciduous woodland,Canada Goose,Branta canadensis,11,25,introduced,,
Attenborough,40,52.909295,-1.221356,lowland mixed deciduous woodland,Black-headed Gull,Chroicocephalus ridibundus,10,50,amber,,
Attenborough,40,52.909295,-1.221356,lowland mixed deciduous woodland,Greenfinch,Chloris chloris,7,37.5,red,,
Attenborough,40,52.909295,-1.221356,lowland mixed deciduous woodland,Mallard,Anas platyrhynchos,4,37.5,amber,,
Attenborough,40,52.909295,-1.221356,lowland mixed deciduous woodland,Grey Heron,Ardea cinerea,3,25,green,,
Attenborough,41,52.909079,-1.223227,willow scrub,Reed Bunting,Emberiza schoeniclus,1331,87.5,amber,,
Attenborough,41,52.909079,-1.223227,willow scrub,Blackbird,Turdus merula,429,87.5,green,,
Attenborough,41,52.909079,-1.223227,willow scrub,Garden Warbler,Sylvia borin,371,50,green,,
Attenborough,41,52.909079,-1.223227,willow scrub,Tawny Owl,Strix aluco,363,75,amber,,
Attenborough,41,52.909079,-1.223227,willow scrub,Reed Warbler,Acrocephalus scirpaceus,257,100,green,,
Attenborough,41,52.909079,-1.223227,willow scrub,Willow Warbler,Phylloscopus trochilus,256,87.5,amber,,
Attenborough,41,52.909079,-1.223227,willow scrub,Magpie,Pica pica,169,87.5,green,,
Attenborough,41,52.909079,-1.223227,willow scrub,Robin,Erithacus rubecula,130,100,green,,
Attenborough,41,52.909079,-1.223227,willow scrub,Cuckoo,Cuculus canorus,105,87.5,red,,
Attenborough,41,52.909079,-1.223227,willow scrub,Canada Goose,Branta canadensis,99,100,introduced,,
Attenborough,41,52.909079,-1.223227,willow scrub,Woodpigeon,Columba palumbus,97,87.5,amber,,
Attenborough,41,52.909079,-1.223227,willow scrub,Blue Tit,Cyanistes caeruleus,97,87.5,green,,
Attenborough,41,52.909079,-1.223227,willow scrub,Long-tailed Tit,Aegithalos caudatus,88,50,green,,
Attenborough,41,52.909079,-1.223227,willow scrub,Coot,Fulica atra,85,87.5,green,,
Attenborough,41,52.909079,-1.223227,willow scrub,Carrion Crow,Corvus corone,55,87.5,green,,
Attenborough,41,52.909079,-1.223227,willow scrub,Mallard,Anas platyrhynchos,51,100,amber,,
Attenborough,41,52.909079,-1.223227,willow scrub,Whitethroat,Curruca communis,31,75,amber,,
Attenborough,41,52.909079,-1.223227,willow scrub,Green Woodpecker,Picus viridis,30,62.5,green,,
Attenborough,41,52.909079,-1.223227,willow scrub,Dunnock,Prunella modularis,29,87.5,amber,,
Attenborough,41,52.909079,-1.223227,willow scrub,Greenfinch,Chloris chloris,24,50,red,,
Attenborough,41,52.909079,-1.223227,willow scrub,Song Thrush,Turdus philomelos,23,75,amber,,
Attenborough,41,52.909079,-1.223227,willow scrub,Gadwall,Mareca strepera,18,87.5,amber,,
Attenborough,41,52.909079,-1.223227,willow scrub,Moorhen,Gallinula chloropus,17,87.5,amber,,
Attenborough,41,52.909079,-1.223227,willow scrub,Kingfisher,Alcedo atthis,17,37.5,green,,
Attenborough,41,52.909079,-1.223227,willow scrub,Great Spotted Woodpecker,Dendrocopos major,15,37.5,green,,
Attenborough,41,52.909079,-1.223227,willow scrub,Great Tit,Parus major,12,62.5,green,,
Attenborough,41,52.909079,-1.223227,willow scrub,Jackdaw,Corvus monedula,10,50,green,,
Attenborough,41,52.909079,-1.223227,willow scrub,Goldfinch,Carduelis carduelis,10,75,green,,
Attenborough,41,52.909079,-1.223227,willow scrub,Chiffchaff,Phylloscopus collybita,8,37.5,green,,
Attenborough,41,52.909079,-1.223227,willow scrub,Stock Dove,Columba oenas,8,37.5,amber,,
Attenborough,41,52.909079,-1.223227,willow scrub,Bullfinch,Pyrrhula pyrrhula,7,25,amber,,
Attenborough,41,52.909079,-1.223227,willow scrub,Black-headed Gull,Chroicocephalus ridibundus,6,37.5,amber,,
Attenborough,41,52.909079,-1.223227,willow scrub,Treecreeper,Certhia familiaris,6,12.5,green,,
Attenborough,41,52.909079,-1.223227,willow scrub,Grey Heron,Ardea cinerea,4,37.5,green,,
Attenborough,41,52.909079,-1.223227,willow scrub,Greylag Goose,Anser anser,3,37.5,amber,,
Attenborough,42,52.9081,-1.225782,reedbed,Chiffchaff,Phylloscopus collybita,670,100,green,,
Attenborough,42,52.9081,-1.225782,reedbed,Robin,Erithacus rubecula,522,100,green,,
Attenborough,42,52.9081,-1.225782,reedbed,Woodpigeon,Columba palumbus,236,100,amber,,
Attenborough,42,52.9081,-1.225782,reedbed,Whitethroat,Curruca communis,212,87.5,amber,,
Attenborough,42,52.9081,-1.225782,reedbed,Wren,Troglodytes troglodytes,172,87.5,amber,,
Attenborough,42,52.9081,-1.225782,reedbed,Magpie,Pica pica,106,87.5,green,,
Attenborough,42,52.9081,-1.225782,reedbed,Cuckoo,Cuculus canorus,83,75,red,,
Attenborough,42,52.9081,-1.225782,reedbed,Woodcock,Scolopax rusticola,44,87.5,red,,
Attenborough,42,52.9081,-1.225782,reedbed,Great Spotted Woodpecker,Dendrocopos major,42,75,green,,
Attenborough,42,52.9081,-1.225782,reedbed,Blue Tit,Cyanistes caeruleus,35,87.5,green,,
Attenborough,42,52.9081,-1.225782,reedbed,Long-tailed Tit,Aegithalos caudatus,35,87.5,green,,
Attenborough,42,52.9081,-1.225782,reedbed,Treecreeper,Certhia familiaris,28,75,green,,
Attenborough,42,52.9081,-1.225782,reedbed,Spotted Flycatcher,Muscicapa striata,27,50,red,,
Attenborough,42,52.9081,-1.225782,reedbed,Blackbird,Turdus merula,22,100,green,,
Attenborough,42,52.9081,-1.225782,reedbed,Canada Goose,Branta canadensis,21,50,introduced,,
Attenborough,42,52.9081,-1.225782,reedbed,Goldfinch,Carduelis carduelis,19,37.5,green,,
Attenborough,42,52.9081,-1.225782,reedbed,Carrion Crow,Corvus corone,18,87.5,green,,
Attenborough,42,52.9081,-1.225782,reedbed,Dunnock,Prunella modularis,15,87.5,amber,,
Attenborough,42,52.9081,-1.225782,reedbed,Reed Bunting,Emberiza schoeniclus,13,37.5,amber,,
Attenborough,42,52.9081,-1.225782,reedbed,Song Thrush,Turdus philomelos,8,37.5,amber,,
Attenborough,42,52.9081,-1.225782,reedbed,Mallard,Anas platyrhynchos,6,25,amber,,
Attenborough,42,52.9081,-1.225782,reedbed,Green Woodpecker,Picus viridis,6,50,green,,
Attenborough,42,52.9081,-1.225782,reedbed,Garden Warbler,Sylvia borin,5,12.5,green,,
Attenborough,42,52.9081,-1.225782,reedbed,Willow Warbler,Phylloscopus trochilus,5,12.5,amber,,
Attenborough,42,52.9081,-1.225782,reedbed,Jackdaw,Corvus monedula,4,25,green,,
Attenborough,42,52.9081,-1.225782,reedbed,Ring-necked Parakeet,Psittacula krameri,4,25,introduced,,
Attenborough,42,52.9081,-1.225782,reedbed,Greylag Goose,Anser anser,3,37.5,amber,,
Attenborough,42,52.9081,-1.225782,reedbed,Moorhen,Gallinula chloropus,2,12.5,amber,,
Attenborough,43,52.906919,-1.225174,reedbed,Chiffchaff,Phylloscopus collybita,1132,87.5,green,,
Attenborough,43,52.906919,-1.225174,reedbed,Reed Bunting,Emberiza schoeniclus,999,87.5,amber,,
Attenborough,43,52.906919,-1.225174,reedbed,Woodpigeon,Columba palumbus,299,100,amber,,
Attenborough,43,52.906919,-1.225174,reedbed,Reed Warbler,Acrocephalus scirpaceus,282,100,green,,
Attenborough,43,52.906919,-1.225174,reedbed,Magpie,Pica pica,276,100,green,,
Attenborough,43,52.906919,-1.225174,reedbed,Robin,Erithacus rubecula,192,100,green,,
Attenborough,43,52.906919,-1.225174,reedbed,Long-tailed Tit,Aegithalos caudatus,189,100,green,,
Attenborough,43,52.906919,-1.225174,reedbed,Moorhen,Gallinula chloropus,118,87.5,amber,,
Attenborough,43,52.906919,-1.225174,reedbed,Wren,Troglodytes troglodytes,80,100,amber,,
Attenborough,43,52.906919,-1.225174,reedbed,Carrion Crow,Corvus corone,75,87.5,green,,
Attenborough,43,52.906919,-1.225174,reedbed,Cuckoo,Cuculus canorus,68,75,red,,
Attenborough,43,52.906919,-1.225174,reedbed,Canada Goose,Branta canadensis,66,62.5,introduced,,
Attenborough,43,52.906919,-1.225174,reedbed,Garden Warbler,Sylvia borin,63,87.5,green,,
Attenborough,43,52.906919,-1.225174,reedbed,Great Spotted Woodpecker,Dendrocopos major,59,62.5,green,,
Attenborough,43,52.906919,-1.225174,reedbed,Dunnock,Prunella modularis,49,62.5,amber,,
Attenborough,43,52.906919,-1.225174,reedbed,Blue Tit,Cyanistes caeruleus,47,87.5,green,,
Attenborough,43,52.906919,-1.225174,reedbed,Blackbird,Turdus merula,46,100,green,,
Attenborough,43,52.906919,-1.225174,reedbed,Mallard,Anas platyrhynchos,40,100,amber,,
Attenborough,43,52.906919,-1.225174,reedbed,Coot,Fulica atra,22,62.5,green,,
Attenborough,43,52.906919,-1.225174,reedbed,Treecreeper,Certhia familiaris,19,75,green,,
Attenborough,43,52.906919,-1.225174,reedbed,Greylag Goose,Anser anser,14,25,amber,,
Attenborough,43,52.906919,-1.225174,reedbed,Goldcrest,Regulus regulus,14,50,green,,
Attenborough,43,52.906919,-1.225174,reedbed,Greenfinch,Chloris chloris,13,75,red,,
Attenborough,43,52.906919,-1.225174,reedbed,Jackdaw,Corvus monedula,11,62.5,green,,
Attenborough,43,52.906919,-1.225174,reedbed,Black-headed Gull,Chroicocephalus ridibundus,10,62.5,amber,,
Attenborough,43,52.906919,-1.225174,reedbed,Great Tit,Parus major,9,50,green,,
Attenborough,43,52.906919,-1.225174,reedbed,Oystercatcher,Haematopus ostralegus,6,37.5,amber,,
Attenborough,43,52.906919,-1.225174,reedbed,Grey Heron,Ardea cinerea,5,37.5,green,,
Attenborough,43,52.906919,-1.225174,reedbed,Cettis Warbler,Cettia cetti,4,37.5,green,,
Attenborough,44,52.908417,-1.227583,other neutral grassland,Whitethroat,Curruca communis,2423,87.5,amber,,
Attenborough,44,52.908417,-1.227583,other neutral grassland,Woodpigeon,Columba palumbus,663,100,amber,,
Attenborough,44,52.908417,-1.227583,other neutral grassland,Robin,Erithacus rubecula,358,100,green,,
Attenborough,44,52.908417,-1.227583,other neutral grassland,Chiffchaff,Phylloscopus collybita,287,100,green,,
Attenborough,44,52.908417,-1.227583,other neutral grassland,Magpie,Pica pica,235,87.5,green,,
Attenborough,44,52.908417,-1.227583,other neutral grassland,Blackbird,Turdus merula,158,100,green,,
Attenborough,44,52.908417,-1.227583,other neutral grassland,Wren,Troglodytes troglodytes,48,75,amber,,
Attenborough,44,52.908417,-1.227583,other neutral grassland,Long-tailed Tit,Aegithalos caudatus,41,87.5,green,,
Attenborough,44,52.908417,-1.227583,other neutral grassland,Great Spotted Woodpecker,Dendrocopos major,37,75,green,,
Attenborough,44,52.908417,-1.227583,other neutral grassland,Dunnock,Prunella modularis,35,87.5,amber,,
Attenborough,44,52.908417,-1.227583,other neutral grassland,Blackcap,Sylvia atricapilla,32,87.5,green,,
Attenborough,44,52.908417,-1.227583,other neutral grassland,Carrion Crow,Corvus corone,24,75,green,,
Attenborough,44,52.908417,-1.227583,other neutral grassland,Blue Tit,Cyanistes caeruleus,24,87.5,green,,
Attenborough,44,52.908417,-1.227583,other neutral grassland,Goldcrest,Regulus regulus,22,50,green,,
Attenborough,44,52.908417,-1.227583,other neutral grassland,Goldfinch,Carduelis carduelis,21,75,green,,
Attenborough,44,52.908417,-1.227583,other neutral grassland,Great Tit,Parus major,20,75,green,,
Attenborough,44,52.908417,-1.227583,other neutral grassland,Treecreeper,Certhia familiaris,20,75,green,,
Attenborough,44,52.908417,-1.227583,other neutral grassland,Stock Dove,Columba oenas,16,75,amber,,
Attenborough,44,52.908417,-1.227583,other neutral grassland,Reed Bunting,Emberiza schoeniclus,13,75,amber,,
Attenborough,44,52.908417,-1.227583,other neutral grassland,Greenfinch,Chloris chloris,13,50,red,,
Attenborough,44,52.908417,-1.227583,other neutral grassland,Coal Tit,Periparus ater,11,62.5,green,,
Attenborough,44,52.908417,-1.227583,other neutral grassland,Moorhen,Gallinula chloropus,6,37.5,amber,,
Attenborough,44,52.908417,-1.227583,other neutral grassland,Jackdaw,Corvus monedula,6,25,green,,
Attenborough,44,52.908417,-1.227583,other neutral grassland,Chaffinch,Fringilla coelebs,6,25,green,,
Attenborough,44,52.908417,-1.227583,other neutral grassland,Ring-necked Parakeet,Psittacula krameri,3,25,introduced,,
Attenborough,44,52.908417,-1.227583,other neutral grassland,House Sparrow,Passer domesticus,3,12.5,red,,
Attenborough,44,52.908417,-1.227583,other neutral grassland,Mute Swan,Cygnus olor,1,12.5,green,,
Attenborough,44,52.908417,-1.227583,other neutral grassland,Greylag Goose,Anser anser,1,12.5,amber,,
Attenborough,45,52.907893,-1.226813,wet woodland,Chiffchaff,Phylloscopus collybita,1044,100,green,,
Attenborough,45,52.907893,-1.226813,wet woodland,Robin,Erithacus rubecula,930,100,green,,
Attenborough,45,52.907893,-1.226813,wet woodland,Woodpigeon,Columba palumbus,227,100,amber,,
Attenborough,45,52.907893,-1.226813,wet woodland,Long-tailed Tit,Aegithalos caudatus,166,87.5,green,,
Attenborough,45,52.907893,-1.226813,wet woodland,Magpie,Pica pica,138,87.5,green,,
Attenborough,45,52.907893,-1.226813,wet woodland,Blue Tit,Cyanistes caeruleus,108,75,green,,
Attenborough,45,52.907893,-1.226813,wet woodland,Whitethroat,Curruca communis,96,87.5,amber,,
Attenborough,45,52.907893,-1.226813,wet woodland,Coal Tit,Periparus ater,85,100,green,,
Attenborough,45,52.907893,-1.226813,wet woodland,Wren,Troglodytes troglodytes,64,75,amber,,
Attenborough,45,52.907893,-1.226813,wet woodland,Great Spotted Woodpecker,Dendrocopos major,62,75,green,,
Attenborough,45,52.907893,-1.226813,wet woodland,Cuckoo,Cuculus canorus,47,50,red,,
Attenborough,45,52.907893,-1.226813,wet woodland,Great Tit,Parus major,34,100,green,,
Attenborough,45,52.907893,-1.226813,wet woodland,Blackbird,Turdus merula,31,87.5,green,,
Attenborough,45,52.907893,-1.226813,wet woodland,Goldfinch,Carduelis carduelis,26,87.5,green,,
Attenborough,45,52.907893,-1.226813,wet woodland,Blackcap,Sylvia atricapilla,18,75,green,,
Attenborough,45,52.907893,-1.226813,wet woodland,Canada Goose,Branta canadensis,18,50,introduced,,
Attenborough,45,52.907893,-1.226813,wet woodland,Song Thrush,Turdus philomelos,11,50,amber,,
Attenborough,45,52.907893,-1.226813,wet woodland,Jackdaw,Corvus monedula,8,37.5,green,,
Attenborough,45,52.907893,-1.226813,wet woodland,Carrion Crow,Corvus corone,7,62.5,green,,
Attenborough,45,52.907893,-1.226813,wet woodland,Garden Warbler,Sylvia borin,5,12.5,green,,
Attenborough,45,52.907893,-1.226813,wet woodland,Moorhen,Gallinula chloropus,4,25,amber,,
Attenborough,45,52.907893,-1.226813,wet woodland,Black-headed Gull,Chroicocephalus ridibundus,3,25,amber,,
